chain,pdb_code,res_name,resi,C1'-C2',C1'-N9,C1'-O4',C2'-C3',C2'-O2',C3'-C4',C3'-O3',C4'-C5',C4'-O4',C5'-O5',C1'-C2'-C3',C1'-C2'-O2',C1'-N9-C4,C1'-N9-C8,C1'-O4'-C4',C2'-C1'-O4',C2'-C3'-C4',C2'-C3'-O3',C3'-C2'-O2',C3'-C4'-C5',C3'-C4'-O4',C4'-C3'-O3',C4'-C5'-O5',C5'-C4'-O4',N9-C1'-C2',N9-C1'-O4',rb__C1'-C2',rb__C1'-N9,rb__C1'-O4',rb__C2'-C3',rb__C2'-O2',rb__C3'-C4',rb__C3'-O3',rb__C4'-C5',rb__C4'-O4',rb__C5'-O5',ra__C1'-C2'-C3',ra__C1'-C2'-O2',ra__C1'-N9-C4,ra__C1'-N9-C8,ra__C1'-O4'-C4',ra__C2'-C1'-O4',ra__C2'-C3'-C4',ra__C2'-C3'-O3',ra__C3'-C2'-O2',ra__C3'-C4'-C5',ra__C3'-C4'-O4',ra__C4'-C3'-O3',ra__C4'-C5'-O5',ra__C5'-C4'-O4',ra__N9-C1'-C2',ra__N9-C1'-O4',pb__C1'-C2',pb__C1'-N9,pb__C1'-O4',pb__C2'-C3',pb__C2'-O2',pb__C3'-C4',pb__C3'-O3',pb__C4'-C5',pb__C4'-O4',pb__C5'-O5',pa__C1'-C2'-C3',pa__C1'-C2'-O2',pa__C1'-N9-C4,pa__C1'-N9-C8,pa__C1'-O4'-C4',pa__C2'-C1'-O4',pa__C2'-C3'-C4',pa__C2'-C3'-O3',pa__C3'-C2'-O2',pa__C3'-C4'-C5',pa__C3'-C4'-O4',pa__C4'-C3'-O3',pa__C4'-C5'-O5',pa__C5'-C4'-O4',pa__N9-C1'-C2',pa__N9-C1'-O4'
A,4nlf,G,2648,1.5117208771097368,1.4734672082173974,1.408895329765575,1.515156370683371,1.422066254633632,1.5142853262679323,1.4054163818734977,1.4987170413998336,1.4421844037574512,1.4177470680488466,100.71370251511067,107.67184347179031,126.34791473258393,127.03777783586033,109.67314836824346,107.36539837887338,101.87978011250061,112.25053649231094,109.82117341697054,117.07174281116487,103.8784909583058,111.04026873310536,110.79363522019413,109.568475417941,113.40326727464182,108.35314834985945,1.525,1.4869999999999999,1.41,1.5230000000000001,1.416,1.52,,1.508,1.45,,101.0,108.7,125.7,128.0,109.7,107.3,101.6,113.4,110.4,115.7,103.9,110.7,110.6,109.4,112.7,107.9,1.528,1.459,1.4140000000000001,1.525,1.413,1.524,1.423,1.51,1.453,1.44,101.5,110.6,126.5,127.0,109.6,106.4,102.7,111.0,113.3,115.5,105.5,111.0,110.2,109.2,113.4,108.2
A,4nlf,G,2655,1.5115273254935533,1.4467831490394885,1.413502640405553,1.5143483149203785,1.4009939616419125,1.5239736558972017,1.4263407464124613,1.5072741450488754,1.4591268650280727,1.4199249613798417,99.68434581305688,113.98300773817668,124.26733135004585,128.93655446851974,108.04668691436531,104.41484155572127,101.66291888413517,109.40342745446155,113.83514785870737,113.48043978638418,105.6681389860875,107.66358791483687,112.32728448819182,110.95485795272293,113.73604550210115,111.0474166004898,1.525,1.456,1.422,1.5230000000000001,1.41,1.527,,1.5090000000000001,1.45,,99.6,112.0,125.7,128.0,108.7,106.0,101.7,109.4,113.6,113.8,105.3,110.7,110.2,109.9,114.7,108.4,1.528,1.459,1.4140000000000001,1.525,1.413,1.524,1.423,1.51,1.453,1.44,101.5,110.6,126.5,127.0,109.6,106.4,102.7,111.0,113.3,115.5,105.5,111.0,110.2,109.2,113.4,108.2
A,4nlf,G,2659,1.5502624234449598,1.463634931868861,1.4079455491847253,1.5247578404454805,1.4175444582715284,1.5156966070216173,1.4112641731728461,1.5007230945184342,1.4483208731455581,1.41972846472402,100.8608056702212,110.38465622665485,122.38910961603989,129.24534074744008,110.33779446418716,106.73719411489965,101.89895095428177,114.81120322881239,110.44024872673978,116.44869317776966,103.26299994080922,111.42332524333112,110.49651116085899,109.61505343512465,108.31277673811405,109.85046806434471,1.525,1.4880000000000002,1.41,1.5230000000000001,1.416,1.52,,1.508,1.45,,100.9,108.7,125.7,128.0,109.6,107.3,101.5,113.4,110.4,115.7,103.8,110.7,110.6,109.4,112.6,107.9,1.528,1.459,1.4140000000000001,1.525,1.413,1.524,1.423,1.51,1.453,1.44,101.5,110.6,126.5,127.0,109.6,106.4,102.7,111.0,113.3,115.5,105.5,111.0,110.2,109.2,113.4,108.2
A,4nlf,G,2661,1.5121980137626785,1.4750803569011077,1.411564308441265,1.5131852211806842,1.4201470576102002,1.5216773636794658,1.4109454458641513,1.5001345664909196,1.4413307463455416,1.414563536330544,100.54635990724306,108.9662004057807,124.82384586128408,128.81958740677388,109.25991746220289,107.4922397439764,101.51248391257019,112.80586331053654,108.75064725429564,118.30279023783395,104.15125671535363,109.62857850669795,110.90017186747647,109.83225106463235,114.24630365692768,108.6452815975325,1.525,1.484,1.411,1.5230000000000001,1.416,1.52,,1.508,1.45,,100.9,108.7,125.7,128.0,109.6,107.3,101.5,113.4,110.4,115.7,103.8,110.7,110.6,109.4,112.8,107.9,1.528,1.459,1.4140000000000001,1.525,1.413,1.524,1.423,1.51,1.453,1.44,101.5,110.6,126.5,127.0,109.6,106.4,102.7,111.0,113.3,115.5,105.5,111.0,110.2,109.2,113.4,108.2
A,4nlf,G,2663,1.5389137967852566,1.471541211628897,1.413457726489187,1.5203533564130893,1.420298697589709,1.5052146064646268,1.412933093316323,1.497727909998248,1.4546338293773575,1.410621208753912,100.91421982953686,110.3988932924203,124.85162941089008,129.4588445234401,109.79858139427884,106.70277016109122,102.16155311120168,115.16684791011409,110.06717974687042,114.04361119556869,104.27951475111405,112.17889419298832,110.18062559512197,110.22748165738295,108.75043598780859,109.44302205401632,1.525,1.4869999999999999,1.41,1.5230000000000001,1.416,1.52,,1.5090000000000001,1.45,,101.1,108.7,125.7,128.0,109.7,107.3,101.7,113.4,110.4,113.8,104.0,110.7,110.2,109.9,112.6,107.9,1.528,1.459,1.4140000000000001,1.525,1.413,1.524,1.423,1.51,1.453,1.44,101.5,110.6,126.5,127.0,109.6,106.4,102.7,111.0,113.3,115.5,105.5,111.0,110.2,109.2,113.4,108.2
A,4nlf,G,2664,1.5186606037027701,1.4697947354998477,1.4145034785784254,1.5205313087947783,1.4210126799204472,1.513451414426272,1.4155512248124604,1.5020111593991214,1.4515501546135958,1.4167008432502213,100.57450033898981,106.99436652378805,125.4549754154787,128.1060095712116,109.52666887236502,106.8256077633676,101.25107517327527,115.32102885275042,110.06319120864795,115.84261312597525,103.52671170381379,111.07626773458725,109.53019285635303,110.39042899497187,112.14676297792194,108.88363736246298,1.525,1.484,1.411,1.5230000000000001,1.416,1.52,,1.508,1.45,,100.6,108.7,125.7,128.0,109.4,107.3,101.1,113.4,110.4,115.7,103.5,110.7,110.6,109.4,112.8,107.9,1.528,1.459,1.4140000000000001,1.525,1.413,1.524,1.423,1.51,1.453,1.44,101.5,110.6,126.5,127.0,109.6,106.4,102.7,111.0,113.3,115.5,105.5,111.0,110.2,109.2,113.4,108.2
A,4nlf,G,2668,1.5229029856131662,1.4732609972971904,1.41214427575702,1.5173581014086976,1.416784729190175,1.52124924330341,1.407525062456792,1.5017987422462216,1.4533570103332851,1.411680557619128,99.86872155583815,108.55481427327892,126.408011148367,127.14053948084346,109.29838008556126,106.9518769560391,100.84216891002136,114.38534517871663,111.72851339718328,117.53893394913133,102.81650669721803,114.99529646913398,111.28919165902155,109.8613900141637,110.3397946240294,108.61877254215487,1.525,1.4869999999999999,1.41,1.5230000000000001,1.416,1.52,,1.508,1.45,,100.3,108.7,125.7,128.0,109.1,107.3,100.6,113.4,110.4,115.7,103.2,110.7,110.6,109.4,112.7,107.9,1.528,1.459,1.4140000000000001,1.525,1.413,1.524,1.423,1.51,1.453,1.44,101.5,110.6,126.5,127.0,109.6,106.4,102.7,111.0,113.3,115.5,105.5,111.0,110.2,109.2,113.4,108.2
A,4nlf,G,2669,1.5080755076686705,1.4687833376030206,1.4112510329914965,1.521144781733194,1.421488973273155,1.5162817847433294,1.410716337851588,1.4926700275723905,1.4423047317792823,1.4056762933789086,100.35361552400131,105.96393965637554,125.68476432118096,127.64163217327689,109.21373436861582,107.76056157841732,101.36292661762552,114.53044753702027,111.32013990415355,117.14655628873962,103.55845705620506,111.55163838789811,109.50530527747387,109.35006908968288,114.08966410003653,109.13051277786654,1.525,1.4869999999999999,1.41,1.5230000000000001,1.416,1.52,,1.508,1.45,,100.7,108.7,125.7,128.0,109.5,107.3,101.3,113.4,110.4,115.7,103.6,110.7,110.6,109.4,112.6,107.9,1.528,1.459,1.4140000000000001,1.525,1.413,1.524,1.423,1.51,1.453,1.44,101.5,110.6,126.5,127.0,109.6,106.4,102.7,111.0,113.3,115.5,105.5,111.0,110.2,109.2,113.4,108.2
A,4nlf,G,2671,1.529911601987329,1.4760904427690262,1.4114647759345698,1.5136708081898702,1.420380274144165,1.5143610509526297,1.4145795133809318,1.5001280074726016,1.4504095527814334,1.3868887642436118,100.19830281893996,109.11986202845893,126.65441248921158,127.3233246124595,108.47776689263037,106.82430601578102,99.77047316443563,113.86903270387299,108.12372680780135,119.13256977278219,102.46290705942442,111.27193886010585,111.00601972527697,113.20971460202095,112.09553642812,108.59313632068348,1.525,1.4869999999999999,1.41,1.5230000000000001,1.416,1.52,,1.508,1.45,,99.9,108.7,125.7,128.0,108.7,107.3,100.1,113.4,110.4,115.7,102.8,110.7,110.6,109.4,112.6,107.9,1.528,1.459,1.4140000000000001,1.525,1.413,1.524,1.423,1.51,1.453,1.44,101.5,110.6,126.5,127.0,109.6,106.4,102.7,111.0,113.3,115.5,105.5,111.0,110.2,109.2,113.4,108.2
A,4nlf,G,2673,1.5419434747436043,1.4656303780647493,1.407546041316196,1.5224309960853704,1.4232962868813726,1.5168304334145777,1.4113756827856478,1.4936705946467421,1.4490419230568092,1.4091941433643989,101.10616166977988,109.73561293268389,123.46140963982512,129.90334694472028,109.38750837048907,107.35077302738681,101.45121345734489,114.69385658354022,111.05604003203477,116.47114184993201,103.07652387648763,113.50212369270238,109.92665627039756,109.34282095956004,110.31402258539865,108.7867483389174,1.525,1.482,1.411,1.5230000000000001,1.416,1.52,1.413,1.508,1.45,,100.8,108.7,125.8,127.9,109.5,107.3,101.3,113.6,110.4,115.7,103.6,110.9,110.6,109.4,113.0,107.9,1.528,1.459,1.4140000000000001,1.525,1.413,1.524,1.423,1.51,1.453,1.44,101.5,110.6,126.5,127.0,109.6,106.4,102.7,111.0,113.3,115.5,105.5,111.0,110.2,109.2,113.4,108.2
A,4rkv,G,1002,1.52449821757101,1.4736597474189261,1.4216004838905774,1.5112497761309593,1.4255928443393262,1.5212825782503583,1.4230385257143268,1.5118902781070471,1.4554025615957913,1.4273573215046733,101.2926728228946,108.70248366928647,124.37195751980332,127.93082810859026,109.40352939957303,106.97347984996294,101.89368934029613,115.36665995036431,109.88911733904877,112.89134784472031,103.80197631110131,108.29050125784816,114.06524513381639,108.30525792415372,112.3481252079133,107.21966787891729,1.525,1.4869999999999999,1.41,1.5230000000000001,1.416,1.52,,1.5090000000000001,1.45,,101.0,108.7,125.7,128.0,109.6,107.3,101.6,113.4,110.4,113.8,103.8,110.7,110.2,109.9,112.7,107.9,1.528,1.459,1.4140000000000001,1.525,1.413,1.524,1.423,1.51,1.453,1.44,101.5,110.6,126.5,127.0,109.6,106.4,102.7,111.0,113.3,115.5,105.5,111.0,110.2,109.2,113.4,108.2
A,4rkv,G,1003,1.529364012421255,1.4559750986271762,1.4280541098859556,1.5159795756306582,1.404478786205272,1.5315757805770671,1.4480777397987186,1.5109903922726555,1.4595304188973588,1.441898730015498,101.77643200537636,110.08012289030586,125.90527605524397,127.18225869302587,109.53660356314742,104.81811243838337,102.52288500566551,109.95997122458395,117.54686676700744,113.81123341010768,106.00750007948503,106.20438925261557,107.56843800070733,109.17998348436635,112.8631828764821,109.00278936013945,1.525,1.46,1.419,1.5230000000000001,1.41,1.527,,1.508,1.45,,100.9,112.0,126.4,127.4,109.5,106.0,102.5,109.4,113.6,115.7,105.9,110.7,110.6,109.4,114.4,108.0,1.528,1.459,1.4140000000000001,1.525,1.413,1.524,1.423,1.51,1.453,1.44,101.5,110.6,126.5,127.0,109.6,106.4,102.7,111.0,113.3,115.5,105.5,111.0,110.2,109.2,113.4,108.2
A,4rkv,G,1004,1.5128323372557004,1.4749005323470963,1.4277854517561883,1.5167838863566199,1.4315661284329133,1.5230384159872883,1.4396090113627893,1.4847573232696194,1.4639721550902693,1.4443645463251826,101.18346641617111,110.034490556684,124.52373729102943,128.20161916077203,109.32195879182682,106.990574557664,101.56874501149039,115.11869790031176,108.05023937032671,117.40879312332378,101.70575223080378,108.32035964498272,110.03004551856743,110.25626141845534,113.50753971709811,107.06548029319676,1.525,1.48,1.412,1.5230000000000001,1.416,1.52,,1.508,1.45,,100.4,108.7,125.9,127.9,109.2,107.3,100.9,113.4,110.4,115.7,103.3,110.7,110.6,109.4,113.2,107.9,1.528,1.459,1.4140000000000001,1.525,1.413,1.524,1.423,1.51,1.453,1.44,101.5,110.6,126.5,127.0,109.6,106.4,102.7,111.0,113.3,115.5,105.5,111.0,110.2,109.2,113.4,108.2
B,4rkv,G,2002,1.517389637400353,1.451204608935262,1.4284653968735788,1.5161918325710304,1.4210193091415781,1.5155350695559042,1.4151061547331205,1.5091126684025953,1.4558434458886742,1.4446754655790661,100.83807007435682,110.7831604181278,124.06653749338892,128.51684183649886,109.05238803233287,106.59639766970567,101.99226300467272,114.97977586276686,110.00533221990995,112.48513351617873,104.77126084624051,109.45718430874578,113.32100284232848,109.63186601933195,113.16102555151211,107.7564789109968,1.525,1.4869999999999999,1.41,1.5230000000000001,1.416,1.52,,1.5090000000000001,1.45,,100.9,108.7,125.7,128.0,109.6,107.3,101.5,113.4,110.4,113.8,103.8,110.7,110.2,109.9,112.6,107.9,1.528,1.459,1.4140000000000001,1.525,1.413,1.524,1.423,1.51,1.453,1.44,101.5,110.6,126.5,127.0,109.6,106.4,102.7,111.0,113.3,115.5,105.5,111.0,110.2,109.2,113.4,108.2
B,4rkv,G,2003,1.533898211371461,1.4679757963076532,1.4197066039559172,1.5157341615817514,1.3951879408644,1.53573568084183,1.4274248832488612,1.4949371196028254,1.4556445412298133,1.4279150188955427,101.14357656837988,111.7076402168969,126.34232989542467,126.48177955621864,108.78626526633063,105.99903100392774,101.6722500732151,111.47353416369869,117.58497850681375,114.58982681171564,106.50548121603114,105.9096075811755,107.84017787833223,108.19181353578985,111.44254753503792,109.1596106692534,1.525,1.4580000000000002,1.42,1.5230000000000001,1.41,1.527,,1.508,1.45,,100.8,112.9,126.3,127.5,109.4,106.0,102.4,111.9,113.3,115.7,105.8,110.7,110.6,109.4,114.5,108.0,1.528,1.459,1.4140000000000001,1.525,1.413,1.524,1.423,1.51,1.453,1.44,101.5,110.6,126.5,127.0,109.6,106.4,102.7,111.0,113.3,115.5,105.5,111.0,110.2,109.2,113.4,108.2
B,4rkv,G,2004,1.5081166660517218,1.4639337083461925,1.434367459236073,1.51771527864962,1.4308792157398889,1.534102247879765,1.4161631341404775,1.4755662970093153,1.4620896474164613,1.4219402847537486,101.71254730640915,110.19629360985552,124.48176467120749,128.87352898299847,108.87031740786323,106.90509618491602,100.50973821507345,115.28488231187714,109.59950355280861,118.11397213826862,102.25178091484537,109.3418152107582,109.93534462441984,109.52757773784728,113.35962815789698,107.37060863812954,1.525,1.48,1.412,1.5230000000000001,1.416,1.52,,1.508,1.45,,100.3,108.7,125.9,127.9,109.1,107.3,100.7,113.4,110.4,115.7,103.2,110.7,110.6,109.4,113.1,107.9,1.528,1.459,1.4140000000000001,1.525,1.413,1.524,1.423,1.51,1.453,1.44,101.5,110.6,126.5,127.0,109.6,106.4,102.7,111.0,113.3,115.5,105.5,111.0,110.2,109.2,113.4,108.2
B,4rkv,G,2005,1.5489306483938576,1.4653365159770373,1.4206847313082802,1.5108105563724625,1.4228922483451498,1.5164909476296746,1.4271902923037685,1.488879374621513,1.448235920610959,1.4509915782384741,100.09810652397951,108.46809414689416,124.90295890045766,128.48775154086835,109.77192912060708,106.57702481432803,102.18564982925417,114.57233650284424,111.97240535402295,116.01094474293987,102.63110548821768,109.52473916833573,109.02111263362461,110.76295750144288,113.0851701534925,108.14374458837965,1.525,1.4769999999999999,1.413,1.5230000000000001,1.416,1.52,,1.508,1.45,,100.5,108.7,126.0,127.8,109.3,107.3,101.0,113.4,110.4,115.7,103.4,110.7,110.6,109.4,113.3,107.8,1.528,1.459,1.4140000000000001,1.525,1.413,1.524,1.423,1.51,1.453,1.44,101.5,110.6,126.5,127.0,109.6,106.4,102.7,111.0,113.3,115.5,105.5,111.0,110.2,109.2,113.4,108.2
A,4rj1,G,1002,1.5071734631060618,1.4789022794384785,1.4116111698981455,1.534299742372136,1.4093715137387923,1.5013501650558088,1.4312841541229318,1.5152189509988234,1.4390698043571086,1.4193080772877962,99.36457976935466,110.18643916509717,124.36416928187192,127.85815423935207,109.13308661676342,108.2335439758071,102.14321039809238,114.0839393448122,110.02442907770585,113.27399550428436,104.07557540377519,109.86193661186341,114.4832347415512,109.0568965902349,113.55429424639067,107.50505756111257,1.525,1.486,1.41,1.5230000000000001,1.416,1.52,,1.5090000000000001,1.45,,100.9,108.7,125.7,128.0,109.6,107.3,101.5,113.4,110.4,113.8,103.8,110.7,110.2,109.9,112.7,107.9,1.528,1.459,1.4140000000000001,1.525,1.413,1.524,1.423,1.51,1.453,1.44,101.5,110.6,126.5,127.0,109.6,106.4,102.7,111.0,113.3,115.5,105.5,111.0,110.2,109.2,113.4,108.2
A,4rj1,G,1003,1.5359316672887882,1.4560252197654,1.4209212159971571,1.5272343314478016,1.3962151568049743,1.541481500522454,1.4176652532255258,1.5112968875084114,1.459699548876017,1.4354604204200307,100.71326712731342,110.85271089082097,126.2550106853824,127.08816076603938,109.41396458862323,105.12221125684194,101.30943141225588,111.26902280058232,116.34393734749955,115.7653220269732,105.82775042487451,107.59123760161202,108.34240368165476,109.32303492528794,111.2473597728782,110.13524703338697,1.525,1.46,1.419,1.5230000000000001,1.41,1.527,,1.508,1.45,,100.3,112.0,126.4,127.4,109.1,106.0,102.2,109.4,113.6,115.7,105.6,110.7,110.6,109.4,114.4,108.0,1.528,1.459,1.4140000000000001,1.525,1.413,1.524,1.423,1.51,1.453,1.44,101.5,110.6,126.5,127.0,109.6,106.4,102.7,111.0,113.3,115.5,105.5,111.0,110.2,109.2,113.4,108.2
A,4rj1,G,1004,1.5176672009636092,1.4730482127101563,1.4194756333604683,1.522098852251037,1.4104945116223844,1.525075664433787,1.414984409174518,1.5047200676298402,1.4413725775458563,1.4450277154839501,99.69935457856761,111.24872590880673,125.11778720043426,128.07821235323948,108.98229954108902,107.80221876372207,101.17734047440439,115.14316500975966,109.20211250443786,117.53018770270266,102.66526176976274,109.30350079601756,110.08002480067874,109.75756936850921,112.26759301869225,108.83420478916955,1.525,1.4809999999999999,1.411,1.5230000000000001,1.416,1.52,,1.508,1.45,,100.4,108.7,125.8,127.9,109.2,107.3,100.8,113.4,110.4,115.7,103.3,110.7,110.6,109.4,113.0,107.9,1.528,1.459,1.4140000000000001,1.525,1.413,1.524,1.423,1.51,1.453,1.44,101.5,110.6,126.5,127.0,109.6,106.4,102.7,111.0,113.3,115.5,105.5,111.0,110.2,109.2,113.4,108.2
A,4rj1,G,1005,1.5300807167319945,1.4677161167989579,1.4107376125997462,1.5234611471850101,1.4055550918780102,1.5142977782803668,1.4186827161974611,1.4773660940060165,1.463868908284745,1.4554116590133384,100.32831787698466,109.63019405100087,125.976907903436,127.18137744071478,109.20135552067192,107.62136119607028,101.83332338561902,114.41138198122763,110.94689353472535,117.40538190678785,103.2418382947819,109.0058819178185,110.2735681547483,110.10784570599763,113.30160443214179,107.96968404874119,1.525,1.476,1.413,1.5230000000000001,1.416,1.52,,1.508,1.45,,100.7,108.7,126.0,127.7,109.5,107.3,101.3,113.4,110.4,115.7,103.6,110.7,110.6,109.4,113.4,107.8,1.528,1.459,1.4140000000000001,1.525,1.413,1.524,1.423,1.51,1.453,1.44,101.5,110.6,126.5,127.0,109.6,106.4,102.7,111.0,113.3,115.5,105.5,111.0,110.2,109.2,113.4,108.2
B,4rj1,G,2002,1.5306619865321,1.462482772276918,1.4200119038320043,1.5254521938335281,1.4291458546643325,1.5159804068818847,1.4105020107831114,1.497661753847472,1.4421829379211124,1.4397438499772708,100.52881450307468,109.65057725577654,124.60603103921213,128.49239491722054,110.26891924574089,106.6352754851096,102.53942106383634,114.84312024764539,108.99947453062629,112.79389457421529,104.6174346034726,110.42736361069818,113.15102094432679,109.69535914660202,111.43029270297662,107.84007672418446,1.525,1.4880000000000002,1.41,1.5230000000000001,1.416,1.52,,1.5090000000000001,1.45,,101.2,108.7,125.7,128.0,109.9,107.3,101.9,113.4,110.4,113.8,104.1,110.7,110.2,109.9,112.6,107.9,1.528,1.459,1.4140000000000001,1.525,1.413,1.524,1.423,1.51,1.453,1.44,101.5,110.6,126.5,127.0,109.6,106.4,102.7,111.0,113.3,115.5,105.5,111.0,110.2,109.2,113.4,108.2
B,4rj1,G,2003,1.5329385992203228,1.4474026570457723,1.412999463676561,1.5101478974398137,1.4008548185381025,1.5392847179447922,1.4154768352192433,1.5037325094439808,1.4622357974932507,1.426517207616899,102.1322103263436,111.13717887353815,127.02044648568452,126.09464008196016,108.77635358806636,106.3384269816208,101.35013181101002,111.53542647113588,117.29748937702081,114.3073556536867,106.6656612466981,105.2117425478071,108.15397406232533,108.20214024973649,113.04638393596511,110.1589536012415,1.525,1.459,1.42,1.5230000000000001,1.41,1.527,,1.508,1.45,,101.1,112.0,126.3,127.5,109.6,106.0,102.6,109.4,113.6,115.7,106.0,110.7,110.6,109.4,114.5,108.0,1.528,1.459,1.4140000000000001,1.525,1.413,1.524,1.423,1.51,1.453,1.44,101.5,110.6,126.5,127.0,109.6,106.4,102.7,111.0,113.3,115.5,105.5,111.0,110.2,109.2,113.4,108.2
B,4rj1,G,2004,1.5170258979019622,1.470083554152277,1.4275329539195056,1.5187085332151151,1.4292766456000638,1.5197200200237195,1.424578990873969,1.490115618502668,1.449269833580997,1.4402779817192444,100.71103768733165,109.54576123317923,124.871801449649,128.01626494508082,108.82215316103438,107.38218961675481,101.2980307143265,115.13874486534039,109.20951539172665,118.21250291711868,102.73100147862077,109.43140328307449,108.73418802579829,109.75591806413483,113.08523470039302,107.98394593733364,1.525,1.48,1.412,1.5230000000000001,1.416,1.52,,1.508,1.45,,100.5,108.7,125.9,127.9,109.2,107.3,100.9,113.4,110.4,115.7,103.4,110.7,110.6,109.4,113.1,107.9,1.528,1.459,1.4140000000000001,1.525,1.413,1.524,1.423,1.51,1.453,1.44,101.5,110.6,126.5,127.0,109.6,106.4,102.7,111.0,113.3,115.5,105.5,111.0,110.2,109.2,113.4,108.2
B,4rj1,G,2005,1.5219313134251609,1.4576774882232062,1.4174741449448882,1.5249184057938558,1.4215590850074562,1.5292535500949207,1.405396760871954,1.4914121479101616,1.4419966570763525,1.443624986725111,100.32844679945812,110.1050238615125,125.80370938005501,127.85258356433955,109.7274936202505,107.30431362369575,101.13848326377293,116.43421655790307,110.23055376492063,115.91438934041292,102.51729322810756,108.99316667505545,109.83563793120217,110.10447988051865,113.46101132642266,108.55429892015812,1.525,1.4769999999999999,1.413,1.5230000000000001,1.416,1.52,,1.508,1.45,,100.5,108.7,126.0,127.8,109.3,107.3,101.0,113.4,110.4,115.7,103.4,110.7,110.6,109.4,113.3,107.8,1.528,1.459,1.4140000000000001,1.525,1.413,1.524,1.423,1.51,1.453,1.44,101.5,110.6,126.5,127.0,109.6,106.4,102.7,111.0,113.3,115.5,105.5,111.0,110.2,109.2,113.4,108.2
