chain,pdb_code,res_name,resi,C1'-C2',C1'-N1,C1'-O4',C2'-C3',C3'-C4',C3'-O3',C4'-C5',C4'-O4',C5'-O5',C1'-C2'-C3',C1'-N1-C2,C1'-N1-C6,C1'-O4'-C4',C2'-C1'-O4',C2'-C3'-C4',C2'-C3'-O3',C3'-C4'-C5',C3'-C4'-O4',C4'-C3'-O3',C4'-C5'-O5',C5'-C4'-O4',N1-C1'-C2',N1-C1'-O4',rb__C1'-C2',rb__C1'-N1,rb__C1'-O4',rb__C2'-C3',rb__C3'-C4',rb__C3'-O3',rb__C4'-C5',rb__C4'-O4',rb__C5'-O5',ra__C1'-C2'-C3',ra__C1'-N1-C2,ra__C1'-N1-C6,ra__C1'-O4'-C4',ra__C2'-C1'-O4',ra__C2'-C3'-C4',ra__C2'-C3'-O3',ra__C3'-C4'-C5',ra__C3'-C4'-O4',ra__C4'-C3'-O3',ra__C4'-C5'-O5',ra__C5'-C4'-O4',ra__N1-C1'-C2',ra__N1-C1'-O4',pb__C1'-C2',pb__C1'-N1,pb__C1'-O4',pb__C2'-C3',pb__C3'-C4',pb__C3'-O3',pb__C4'-C5',pb__C4'-O4',pb__C5'-O5',pa__C1'-C2'-C3',pa__C1'-N1-C2,pa__C1'-N1-C6,pa__C1'-O4'-C4',pa__C2'-C1'-O4',pa__C2'-C3'-C4',pa__C2'-C3'-O3',pa__C3'-C4'-C5',pa__C3'-C4'-O4',pa__C4'-C3'-O3',pa__C4'-C5'-O5',pa__C5'-C4'-O4',pa__N1-C1'-C2',pa__N1-C1'-O4'
A,352d,DT,1,1.5126032507706457,1.4529457293381367,1.4173514450916982,1.516299296005737,1.524300864402141,1.4021952174747916,1.5093573986578432,1.4690558440240735,1.4340344139883143,101.77766498787415,119.3518987713383,120.28329296625782,111.56618806932468,106.48588184413937,105.23689082889136,108.47675356714794,117.16627350246375,103.2218062183183,111.28648701362319,109.18998346919159,108.89215033801104,116.08044340939148,108.53321589374964,1.525,1.4669999999999999,1.416,1.5230000000000001,1.527,,1.508,1.445,1.421,102.6,118.8,119.8,110.1,106.0,103.2,109.4,115.7,106.0,110.7,111.5,109.4,113.8,107.9,1.521,1.473,1.42,1.518,1.528,1.431,1.511,1.446,1.44,102.7,118.2,120.4,109.7,106.1,103.2,110.6,114.7,105.6,110.6,110.2,109.4,114.2,107.8
A,352d,DT,6,1.5256216225797345,1.5076991272629021,1.417280464494501,1.5291711529666652,1.5257569690468962,1.4437742469121926,1.5093582301494723,1.4331923993900526,1.4416909324983347,103.00021299189596,119.61836279453475,118.60497560322892,104.81229193928453,104.96606581373884,103.8029619991986,110.59831417582646,113.13033932983777,107.15085690085319,109.68546714036862,106.01555286071785,110.21243656049295,113.78441535092742,103.66808357536794,1.525,1.465,1.416,1.5230000000000001,1.531,1.422,1.508,1.445,,103.3,118.9,119.7,107.4,106.2,102.6,112.7,115.7,104.8,110.9,110.6,109.4,113.9,107.8,1.521,1.473,1.42,1.518,1.528,1.431,1.511,1.446,1.44,102.7,118.2,120.4,109.7,106.1,103.2,110.6,114.7,105.6,110.6,110.2,109.4,114.2,107.8
C,352d,DT,26,1.5057645723589397,1.517362255125579,1.4298823082110346,1.5199591524293348,1.5213929022871946,1.4283335684961107,1.5261240303364143,1.4532674652974242,1.444277573900027,97.04113478450492,115.1993239733591,123.74910631280699,109.81275636116168,106.60725124772114,105.0168859366259,116.08537174877122,115.71437605039287,102.12565577390176,106.36485719123849,101.13721375700615,104.29042995771202,111.27751913815644,104.70608591611428,1.525,1.479,1.412,1.5230000000000001,1.527,1.425,1.5090000000000001,1.445,,100.3,117.4,121.2,108.9,106.0,101.5,112.7,113.8,105.4,110.9,110.2,109.9,113.4,108.0,1.521,1.473,1.42,1.518,1.528,1.431,1.511,1.446,1.44,102.7,118.2,120.4,109.7,106.1,103.2,110.6,114.7,105.6,110.6,110.2,109.4,114.2,107.8
B,352d,DT,11,1.5159261201055783,1.4247185993234437,1.4010844206462976,1.5170700626569982,1.5196611429064129,1.410295728280491,1.5144422228255847,1.4381818796445138,,99.80923640413583,115.91053437584743,122.46601232594907,109.22260968495458,104.51639098196388,100.85497639207786,114.23035121869464,112.9768476020888,105.8915367063939,109.41051928431337,,114.28783806524486,115.25747073717004,106.62749086480164,,,,,,,,,,,,,,,,,,,,,,,,1.521,1.473,1.42,1.518,1.528,1.431,1.511,1.446,1.44,102.7,118.2,120.4,109.7,106.1,103.2,110.6,114.7,105.6,110.6,110.2,109.4,114.2,107.8
B,352d,DT,16,,,,,,,,,,,,,,,,,,,,,,,,,,,,,,,,,,,,,,,,,,,,,,,1.521,1.473,1.42,1.518,1.528,1.431,1.511,1.446,1.44,102.7,118.2,120.4,109.7,106.1,103.2,110.6,114.7,105.6,110.6,110.2,109.4,114.2,107.8
E,352d,DT,41,1.5153937002853164,1.4715101040562906,1.427115858043986,1.5180930667426997,1.5141015946749623,1.4538056720217432,1.4964082023421235,1.428245856958303,1.450107868537773,99.65004177332156,116.98228253402296,122.44579701297927,109.03820388781976,105.03161354820193,101.71413113796784,104.6129722574129,112.56353184964851,106.05292376384445,111.55118959244317,108.46972746220793,112.1858767057548,114.20084463489651,105.20794766863727,1.525,1.459,1.419,1.5230000000000001,1.527,,1.5090000000000001,1.445,1.421,100.6,119.2,119.4,109.0,106.0,101.7,109.4,113.8,105.5,110.7,110.0,109.9,114.4,107.5,1.521,1.473,1.42,1.518,1.528,1.431,1.511,1.446,1.44,102.7,118.2,120.4,109.7,106.1,103.2,110.6,114.7,105.6,110.6,110.2,109.4,114.2,107.8
E,352d,DT,46,,,,,,,,,,,,,,,,,,,,,,,,,,,,,,,,,,,,,,,,,,,,,,,1.521,1.473,1.42,1.518,1.528,1.431,1.511,1.446,1.44,102.7,118.2,120.4,109.7,106.1,103.2,110.6,114.7,105.6,110.6,110.2,109.4,114.2,107.8
D,352d,DT,36,1.5110581333204134,1.4809398000396712,1.4311763018773644,1.51904406447619,1.5239222378606623,1.4391357639571034,1.5205793219422556,1.4437725227976397,1.4464598121358863,105.13544889424497,119.58786100434536,119.2137673062732,107.74745214641784,106.01306235525598,102.55078938198965,113.00991917661467,115.32334105824711,101.83994826933497,107.26267646033607,100.48830726953376,110.58941081342716,111.93794825698166,108.37582026518912,1.525,1.456,1.421,1.5230000000000001,1.531,1.422,1.5090000000000001,1.445,,103.3,118.8,119.9,107.3,106.2,102.5,112.7,113.8,104.8,110.9,110.2,109.9,115.1,108.0,1.521,1.473,1.42,1.518,1.528,1.431,1.511,1.446,1.44,102.7,118.2,120.4,109.7,106.1,103.2,110.6,114.7,105.6,110.6,110.2,109.4,114.2,107.8
D,352d,DT,31,1.5273417331923962,1.4639539690597396,1.411782915596957,1.510614350464793,1.5254105940885658,1.4557003581565364,1.522379658773226,1.4558756372337827,1.4444377060658826,102.07591913078704,121.29294885919394,116.67107669235175,107.29527697791035,107.0037002670341,101.66733854390111,112.78766289889042,113.84949168634326,108.5181245424005,110.5162368120526,111.77870482530646,108.87186322336082,111.31118237718816,107.3043086141939,1.525,1.463,1.4169999999999998,1.5230000000000001,1.527,,1.508,1.445,1.421,102.0,119.0,119.5,109.8,106.0,102.7,111.9,115.7,105.9,110.7,111.5,109.4,114.0,107.7,1.521,1.473,1.42,1.518,1.528,1.431,1.511,1.446,1.44,102.7,118.2,120.4,109.7,106.1,103.2,110.6,114.7,105.6,110.6,110.2,109.4,114.2,107.8
G,352d,DT,66,1.5327229830473519,1.4676794559254063,1.3995801695349697,1.5129011419650484,1.5242012448629674,1.4214057387998276,1.4962396114041994,1.4443255865215525,1.4465433043943057,104.75614722772715,118.25994546158363,120.50640930612464,112.91666458955952,99.48537811503516,104.42901272910541,106.28911751047174,118.0685140759156,103.44314847460895,99.78063213411541,107.96261550238893,106.44777694750996,116.07263096094823,106.16866284811898,1.525,1.459,1.419,1.5230000000000001,1.531,1.422,1.508,1.445,,103.5,119.2,119.4,107.7,106.2,102.8,112.7,115.7,105.0,110.9,110.6,109.4,114.5,107.5,1.521,1.473,1.42,1.518,1.528,1.431,1.511,1.446,1.44,102.7,118.2,120.4,109.7,106.1,103.2,110.6,114.7,105.6,110.6,110.2,109.4,114.2,107.8
F,352d,DT,51,1.497353695159432,1.4570042559597496,1.4178424801685279,1.5059583881773788,1.5282768380065632,1.4391495360114979,1.4952139427058972,1.4409258649243493,1.4538100399598126,109.46603467097117,119.58861764741994,118.63990822133765,112.9270533373064,102.07372465463315,99.76825716810362,108.88181295987116,116.90476466717202,107.19612645620217,113.76120197749083,106.10967062801956,109.73321671011894,113.74000456391684,110.94293300784926,1.525,1.46,1.419,1.5230000000000001,1.527,,1.508,1.445,1.421,103.7,119.2,119.4,110.7,106.0,104.0,109.4,115.7,106.3,110.7,111.5,109.4,114.3,107.5,1.521,1.473,1.42,1.518,1.528,1.431,1.511,1.446,1.44,102.7,118.2,120.4,109.7,106.1,103.2,110.6,114.7,105.6,110.6,110.2,109.4,114.2,107.8
F,352d,DT,56,1.5072375731434078,1.4984319695663242,1.4277188171072566,1.5136560100959766,1.5283971377444097,1.4185654265731744,1.5062551998283493,1.4441701799392206,1.4267915267221738,105.18415767483279,117.60765573354972,121.05553120010785,105.78086764407453,105.49060180252374,103.05483364954482,117.86767327739126,115.90614383837364,101.41930496094925,112.01998384326401,105.14118304290292,108.52418036708757,111.38573570321549,105.75810985361977,1.525,1.4569999999999999,1.421,1.5230000000000001,1.531,1.422,1.5090000000000001,1.445,,102.9,119.0,119.7,106.8,106.2,102.2,112.7,113.8,104.3,110.9,110.2,109.9,115.0,107.8,1.521,1.473,1.42,1.518,1.528,1.431,1.511,1.446,1.44,102.7,118.2,120.4,109.7,106.1,103.2,110.6,114.7,105.6,110.6,110.2,109.4,114.2,107.8
I,352d,DT,81,1.5030455013630541,1.4638766729137282,1.4170322243514428,1.5078090138746039,1.5322642543269394,1.4712419776137409,1.5250000648840525,1.4125433262397278,1.4452951547915511,102.25697266614056,120.02728500054913,119.08576890931985,110.64966559560479,108.49168440286607,105.14224839303324,106.61946323204207,111.43889357240712,106.09267082774912,112.05601147218205,111.79563973477255,111.37412797657996,116.70260568580221,106.6464727385034,1.525,1.459,1.419,1.5230000000000001,1.527,,1.508,1.445,1.421,104.3,119.2,119.4,111.0,106.0,104.4,109.4,115.7,106.4,110.7,111.5,109.4,114.4,107.5,1.521,1.473,1.42,1.518,1.528,1.431,1.511,1.446,1.44,102.7,118.2,120.4,109.7,106.1,103.2,110.6,114.7,105.6,110.6,110.2,109.4,114.2,107.8
I,352d,DT,86,1.5125835364595273,1.5274467282997086,1.4192966395306175,1.5140241175969587,1.5303677226484642,1.419617688949165,1.5302134299934367,1.447422045271689,1.4517729333422145,99.57037285703369,117.51300544641488,121.50320701527237,107.84759681713092,106.90472585077245,107.85241356961296,108.52052179724564,114.93296726044316,104.33378319800919,109.92781294886004,109.54148103386133,107.92567411371923,114.7612626047919,103.70764634958961,1.525,1.459,1.42,1.5230000000000001,1.531,1.422,1.508,1.445,,103.7,119.2,119.4,108.0,106.2,103.1,112.7,115.7,105.3,110.9,110.6,109.4,114.5,107.5,1.521,1.473,1.42,1.518,1.528,1.431,1.511,1.446,1.44,102.7,118.2,120.4,109.7,106.1,103.2,110.6,114.7,105.6,110.6,110.2,109.4,114.2,107.8
H,352d,DT,76,,,,,,,,,,,,,,,,,,,,,,,,,,,,,,,,,,,,,,,,,,,,,,,1.521,1.473,1.42,1.518,1.528,1.431,1.511,1.446,1.44,102.7,118.2,120.4,109.7,106.1,103.2,110.6,114.7,105.6,110.6,110.2,109.4,114.2,107.8
J,352d,DT,96,1.5204320909630846,1.5553831874218338,1.4265368934866396,1.5157077052867232,1.5305703218360835,1.4303176514729725,1.5124946796655805,1.447364043537176,1.442754408520544,98.81210882638057,114.32014204323995,124.38898304039697,103.4818466950833,105.73449890750614,99.30869787153797,112.73033806217451,117.75176928293764,109.93442879941652,119.14167903511802,102.622468096884,110.13237202571693,102.86368379675234,98.36148776736304,1.525,1.4709999999999999,1.415,1.5230000000000001,1.527,1.425,1.508,1.445,,99.5,118.5,120.1,108.4,106.0,100.8,112.7,115.7,105.2,110.9,110.6,109.4,113.8,108.0,1.521,1.473,1.42,1.518,1.528,1.431,1.511,1.446,1.44,102.7,118.2,120.4,109.7,106.1,103.2,110.6,114.7,105.6,110.6,110.2,109.4,114.2,107.8
M,352d,DT,121,1.5322567557909461,1.431620499748665,1.422881538808355,1.505408617747548,1.532379879623779,1.4231216032978713,1.525436149935834,1.4429211371029265,1.4324448768854328,103.10028347239415,119.59395612185291,119.5657589096028,110.80069583715212,105.42446923293562,103.94578056520602,112.42208931197062,114.691243376741,106.1618741706429,109.5565992530036,110.55084297023075,109.67630780389187,113.3674449705534,108.12242993697986,1.525,1.464,1.4169999999999998,1.5230000000000001,1.527,,1.508,1.445,1.421,103.0,119.0,119.6,110.3,106.0,103.5,111.9,115.7,106.1,110.7,111.5,109.4,113.9,107.7,1.521,1.473,1.42,1.518,1.528,1.431,1.511,1.446,1.44,102.7,118.2,120.4,109.7,106.1,103.2,110.6,114.7,105.6,110.6,110.2,109.4,114.2,107.8
M,352d,DT,126,1.5135991541190645,1.4898954228916692,1.4222371991621336,1.5192436450702331,1.5325325423755536,1.4273566820291113,1.503758776161515,1.4482664960747527,1.4486924731782935,105.0013044659881,117.50686620073841,120.6729877408158,105.31153685598322,105.43043867858941,100.45367532065097,112.49518088282926,112.0116931904577,100.2618156686677,109.16099360041926,102.7090651013673,104.0231499091185,113.02851116925467,108.35562365574845,1.525,1.4569999999999999,1.421,1.5230000000000001,1.531,1.422,1.5090000000000001,1.445,,102.4,119.0,119.7,106.0,106.2,101.5,112.7,113.8,103.7,110.9,110.2,109.9,115.0,107.9,1.521,1.473,1.42,1.518,1.528,1.431,1.511,1.446,1.44,102.7,118.2,120.4,109.7,106.1,103.2,110.6,114.7,105.6,110.6,110.2,109.4,114.2,107.8
L,352d,DT,111,1.5154662055264312,1.5432165043993622,1.413731153862143,1.5138701955821858,1.5217190694262823,1.4348313613248622,,1.4511194701551133,,109.45300360865647,112.9019202964706,126.14992800679863,118.98105720478708,97.80188468969195,100.51436604645531,104.21095913960558,,100.29123978189689,113.81042996360632,,,110.24290831625628,113.11452126121489,,,,,,,,,,,,,,,,,,,,,,,,1.521,1.473,1.42,1.518,1.528,1.431,1.511,1.446,1.44,102.7,118.2,120.4,109.7,106.1,103.2,110.6,114.7,105.6,110.6,110.2,109.4,114.2,107.8
L,352d,DT,116,1.5174647335566434,1.4810919907533675,1.422130908123905,1.5084880961462421,1.5275247990913081,1.4280724820568447,1.5052962665697385,1.4464383629840736,1.4430136128659823,98.83152142737069,120.87736493774555,117.95210169818148,105.48341657354902,108.23140265428614,102.81961021658898,110.41815528258546,110.21965925604798,95.74672882863524,112.09833761098805,100.29183639173516,109.1478324930968,115.8009341584608,108.28981722103667,1.525,1.456,1.422,1.5230000000000001,1.531,1.422,1.5090000000000001,1.445,,101.9,118.7,120.0,105.2,106.2,100.9,112.7,113.8,103.0,110.9,110.2,109.9,115.1,108.1,1.521,1.473,1.42,1.518,1.528,1.431,1.511,1.446,1.44,102.7,118.2,120.4,109.7,106.1,103.2,110.6,114.7,105.6,110.6,110.2,109.4,114.2,107.8
O,352d,DT,141,1.501974225168414,1.4632048990523787,1.421946237791357,1.5131314558007938,1.528975180169784,1.4199169636793338,,1.4519663258304782,,104.12955900278726,118.39890512215827,121.16359384663829,108.38760925123164,106.3138270619115,100.62273480835371,104.74011352522432,,107.9737112783513,111.19185469029294,,,116.61247364407663,107.93739699261296,,,,,,,,,,,,,,,,,,,,,,,,1.521,1.473,1.42,1.518,1.528,1.431,1.511,1.446,1.44,102.7,118.2,120.4,109.7,106.1,103.2,110.6,114.7,105.6,110.6,110.2,109.4,114.2,107.8
O,352d,DT,146,,,,,,,,,,,,,,,,,,,,,,,,,,,,,,,,,,,,,,,,,,,,,,,1.521,1.473,1.42,1.518,1.528,1.431,1.511,1.446,1.44,102.7,118.2,120.4,109.7,106.1,103.2,110.6,114.7,105.6,110.6,110.2,109.4,114.2,107.8
N,352d,DT,131,,,,,,,,,,,,,,,,,,,,,,,,,,,,,,,,,,,,,,,,,,,,,,,1.521,1.473,1.42,1.518,1.528,1.431,1.511,1.446,1.44,102.7,118.2,120.4,109.7,106.1,103.2,110.6,114.7,105.6,110.6,110.2,109.4,114.2,107.8
N,352d,DT,136,1.521270433889627,1.4270608838159782,1.4320253625638053,1.5280904403548046,1.5245716508676637,1.4297587577636437,1.4999046747920035,1.4455134185781562,1.4302666184410304,105.20565630349876,121.2029156906478,118.07447615126698,107.38092385088041,104.38906323598388,104.01751567169458,114.34607259574882,115.49895953066056,107.21634951770746,112.38891308509196,104.65188687908778,111.91200111795358,116.74957387946259,106.79230548330493,1.525,1.4609999999999999,1.4180000000000001,1.5230000000000001,1.531,1.422,1.508,1.445,,104.0,119.1,119.4,108.4,106.2,103.4,112.7,115.7,105.7,110.9,110.6,109.4,114.1,107.5,1.521,1.473,1.42,1.518,1.528,1.431,1.511,1.446,1.44,102.7,118.2,120.4,109.7,106.1,103.2,110.6,114.7,105.6,110.6,110.2,109.4,114.2,107.8
P,352d,DT,151,1.5141242089481672,1.4768623254287756,1.442056923178031,1.5082871819925294,1.534673508986294,1.4168828607071484,1.5308770763120685,1.4612335549771418,1.4501697769457544,105.32041349915772,117.2059699345087,122.40514553292576,110.67509396909607,105.94951100182452,104.30691659065751,107.30274056411764,112.51256920357756,106.22180837348641,111.20552521807215,111.87518151521695,110.53008378285048,113.14174930249729,105.66377202625318,1.525,1.4609999999999999,1.4180000000000001,1.5230000000000001,1.527,,1.508,1.445,1.421,104.2,119.1,119.4,111.0,106.0,104.4,109.4,115.7,106.4,110.7,111.5,109.4,114.2,107.5,1.521,1.473,1.42,1.518,1.528,1.431,1.511,1.446,1.44,102.7,118.2,120.4,109.7,106.1,103.2,110.6,114.7,105.6,110.6,110.2,109.4,114.2,107.8
A,4mj9,DT,1,1.5265119671164806,1.4770036234994954,1.4275339123673019,1.5169380823682779,1.5228896249504325,1.4263136036032236,1.5101997096915398,1.4402575838322058,1.435053108034786,103.61415477770426,117.88955703256684,120.8179895799636,110.15587591583932,107.16174189572637,102.8958672030901,113.07070407788916,115.0959992950644,105.02439734206632,106.85127042652672,110.01911578608275,109.9519400072926,115.82642889870012,107.44737544230951,1.525,1.456,1.422,1.5230000000000001,1.52,,1.508,1.445,1.421,103.6,118.0,120.6,110.3,107.3,102.5,113.4,115.7,105.2,110.7,111.5,109.4,115.1,108.5,1.521,1.473,1.42,1.518,1.528,1.431,1.511,1.446,1.44,102.7,118.2,120.4,109.7,106.1,103.2,110.6,114.7,105.6,110.6,110.2,109.4,114.2,107.8
A,1vtt,DT,5,1.6185202094729392,1.4890472632558558,1.4138963020466873,1.5414933655405665,1.6123317736487568,1.39115330364616,1.468055276513681,1.4571965579636432,1.4397248432813168,96.61966562726998,112.40699909541281,124.71080657643117,112.62275813250046,105.30335378475341,105.62868569486844,109.7837351540347,113.88853005937533,102.24773915125432,109.28383720776176,112.0418140718241,113.02620703009849,107.67364190527422,104.02900243065874,1.525,1.486,1.41,1.5230000000000001,1.527,,1.508,1.445,,100.8,116.3,122.4,109.1,106.0,101.8,109.4,115.7,105.6,110.7,110.6,109.4,112.5,108.7,1.521,1.473,1.42,1.518,1.528,1.431,1.511,1.446,1.44,102.7,118.2,120.4,109.7,106.1,103.2,110.6,114.7,105.6,110.6,110.2,109.4,114.2,107.8
B,1vtt,DT,5,1.634700216326447,1.4702366691032516,1.3550805282409777,1.5131107867387366,1.6253021137173869,1.5355939524467286,1.4698537115169448,1.5272026239516185,1.4737188943299497,97.49693755364375,112.37377063544074,126.94528327353105,112.01838956505938,107.80331989984167,107.26053981357153,112.79520471365039,113.3559155626899,100.82253169762556,101.99833532778123,116.07778018655317,111.54833263619155,108.40084084785497,107.03398106399227,1.525,1.484,1.411,1.5230000000000001,1.527,,1.508,1.445,,101.6,116.5,122.1,109.6,106.0,102.4,111.9,115.7,105.7,110.7,110.6,109.4,112.7,108.5,1.521,1.473,1.42,1.518,1.528,1.431,1.511,1.446,1.44,102.7,118.2,120.4,109.7,106.1,103.2,110.6,114.7,105.6,110.6,110.2,109.4,114.2,107.8
A,1kgk,DT,4,1.4142934808020406,1.5253598033301452,1.5046023343016222,1.5013766583232357,1.5016696909214484,1.450063264407949,1.5162765013470851,1.4686454257227157,1.4194682186145071,101.98816652137079,114.9873998070885,122.5738732996404,104.74330875367818,110.08335503394501,104.07755286036956,113.4612926773635,119.63044394640085,103.73190964870639,108.70334376526624,108.70376103001712,106.86778083491845,117.723058695678,103.07164961836354,1.525,1.475,1.413,1.5230000000000001,1.52,,1.508,1.445,,102.2,117.9,120.7,109.8,107.3,101.5,113.4,115.7,104.2,110.7,110.6,109.4,113.6,107.9,1.521,1.473,1.42,1.518,1.528,1.431,1.511,1.446,1.44,102.7,118.2,120.4,109.7,106.1,103.2,110.6,114.7,105.6,110.6,110.2,109.4,114.2,107.8
A,1kgk,DT,6,1.4774312748783824,1.4993497804948557,1.4454329921185798,1.4904772345309556,1.5024371234368536,1.4497037791474519,1.486523733960862,1.4748512478485276,1.4112661057776492,100.43499635386065,116.56981659174627,122.79119947087453,107.38083793288523,107.1058254417765,101.94138013089041,114.64822121221,117.6900090840934,101.68994093837699,109.97271124095724,110.98275408440723,109.41863189101093,114.39842462635204,107.40046119901726,1.525,1.482,1.411,1.5230000000000001,1.52,,1.508,1.445,,100.6,116.9,121.8,109.2,107.3,100.4,113.4,115.7,103.0,110.7,110.6,109.4,113.0,108.3,1.521,1.473,1.42,1.518,1.528,1.431,1.511,1.446,1.44,102.7,118.2,120.4,109.7,106.1,103.2,110.6,114.7,105.6,110.6,110.2,109.4,114.2,107.8
B,1kgk,DT,114,1.4615397013388758,1.48940863530601,1.4488977505920244,1.5118651303753439,1.5078784687027307,1.4436564959506408,1.4975049099834081,1.4606947697195118,1.4375970904711937,101.84816490237141,115.89539824362198,123.57033743319307,107.02738816924297,107.52517355904399,100.20612752579825,115.9916831944971,116.97502293925412,102.32124858083857,110.33291668330168,109.2300788815993,109.98950804586113,112.62592921704017,107.62444454360853,1.525,1.484,1.411,1.5230000000000001,1.52,,1.508,1.445,,100.7,116.5,122.2,109.2,107.3,100.5,113.4,115.7,103.1,110.7,110.6,109.4,112.7,108.6,1.521,1.473,1.42,1.518,1.528,1.431,1.511,1.446,1.44,102.7,118.2,120.4,109.7,106.1,103.2,110.6,114.7,105.6,110.6,110.2,109.4,114.2,107.8
B,1kgk,DT,116,1.452044658382464,1.505605812430932,1.466213927712522,1.4733753724651295,1.5270381439915026,1.4465160892662252,1.509203304205367,1.4375831887998132,1.4446850629244872,102.2837893461305,116.25502042102748,123.07139252760246,106.51768407972739,107.38560226912372,100.75970093904432,116.76908214393063,117.28637307490683,103.35301645620213,108.8999862189203,108.9583840755246,109.00392978618612,114.7875501503732,106.84282120652205,1.525,1.48,1.412,1.5230000000000001,1.52,,1.508,1.445,,101.0,117.2,121.4,109.4,107.3,100.7,113.4,115.7,103.3,110.7,110.6,109.4,113.2,108.1,1.521,1.473,1.42,1.518,1.528,1.431,1.511,1.446,1.44,102.7,118.2,120.4,109.7,106.1,103.2,110.6,114.7,105.6,110.6,110.2,109.4,114.2,107.8
A,4qio,DT,1,1.5228170621601858,1.4851848572764104,1.4298938386318276,1.5059029389116192,1.5263360716126433,1.430059116142246,1.5153434070876215,1.43626974670834,1.4242312784667286,104.27106137812447,118.20620445697696,121.15935217513602,110.78478989200393,106.12547719810108,102.93004248126636,113.27944342825262,114.42258224192686,103.37096109544953,107.4746587147599,111.3028423809991,108.16989933316684,115.060864228673,107.11696010963308,1.525,1.456,1.422,1.5230000000000001,1.52,,1.508,1.445,1.421,103.1,118.5,120.2,110.1,107.3,102.2,113.4,115.7,104.8,110.7,111.5,109.4,115.2,108.2,1.521,1.473,1.42,1.518,1.528,1.431,1.511,1.446,1.44,102.7,118.2,120.4,109.7,106.1,103.2,110.6,114.7,105.6,110.6,110.2,109.4,114.2,107.8
A,4x1a,DT,1,1.5219366946103379,1.4649754428446924,1.4163558227771815,1.5055415210962713,1.5232440436526224,1.4339743138490948,1.5071052491419297,1.4294278442528372,1.388892486647946,102.94888472683188,117.96526266993314,121.09274264329177,110.4273714652273,107.47322989708977,103.33100313588801,113.88996187256105,114.28397893069047,104.2635506290078,107.95751020973783,110.17175842226231,110.80108794579291,116.24293071470548,108.2839689048157,1.525,1.456,1.422,1.5230000000000001,1.52,,1.508,1.445,1.421,103.4,117.9,120.7,110.2,107.3,102.4,113.4,115.7,105.1,110.7,111.5,109.4,115.1,108.5,1.521,1.473,1.42,1.518,1.528,1.431,1.511,1.446,1.44,102.7,118.2,120.4,109.7,106.1,103.2,110.6,114.7,105.6,110.6,110.2,109.4,114.2,107.8
