chain,pdb_code,res_name,resi,C1'-C2',C1'-N9,C1'-O4',C2'-C3',C3'-C4',C3'-O3',C4'-C5',C4'-O4',C5'-O5',C1'-C2'-C3',C1'-N9-C4,C1'-N9-C8,C1'-O4'-C4',C2'-C1'-O4',C2'-C3'-C4',C2'-C3'-O3',C3'-C4'-C5',C3'-C4'-O4',C4'-C3'-O3',C4'-C5'-O5',C5'-C4'-O4',N9-C1'-C2',N9-C1'-O4',rb__C1'-C2',rb__C1'-N9,rb__C1'-O4',rb__C2'-C3',rb__C3'-C4',rb__C3'-O3',rb__C4'-C5',rb__C4'-O4',rb__C5'-O5',ra__C1'-C2'-C3',ra__C1'-N9-C4,ra__C1'-N9-C8,ra__C1'-O4'-C4',ra__C2'-C1'-O4',ra__C2'-C3'-C4',ra__C2'-C3'-O3',ra__C3'-C4'-C5',ra__C3'-C4'-O4',ra__C4'-C3'-O3',ra__C4'-C5'-O5',ra__C5'-C4'-O4',ra__N9-C1'-C2',ra__N9-C1'-O4',pb__C1'-C2',pb__C1'-N9,pb__C1'-O4',pb__C2'-C3',pb__C3'-C4',pb__C3'-O3',pb__C4'-C5',pb__C4'-O4',pb__C5'-O5',pa__C1'-C2'-C3',pa__C1'-N9-C4,pa__C1'-N9-C8,pa__C1'-O4'-C4',pa__C2'-C1'-O4',pa__C2'-C3'-C4',pa__C2'-C3'-O3',pa__C3'-C4'-C5',pa__C3'-C4'-O4',pa__C4'-C3'-O3',pa__C4'-C5'-O5',pa__C5'-C4'-O4',pa__N9-C1'-C2',pa__N9-C1'-O4'
A,4mj9,DA,10,1.5150526628568939,1.4603815039700694,1.415271574856894,1.5172664614213962,1.525494083116837,1.426068148941854,1.5049008926816734,1.4429789617024762,1.420613061038113,102.53452146262846,124.76012282659754,129.31982359416634,109.82777963971891,105.69348342533013,103.7000906238159,111.62138349540437,114.48673656872495,106.6056528812706,109.0652177967706,107.9530387609091,108.87930750774753,116.70940685640036,107.39362797757687,1.525,1.456,1.422,1.5230000000000001,1.527,1.425,1.5090000000000001,1.445,,102.6,125.5,128.1,110.1,106.0,103.2,112.7,113.8,106.0,110.9,110.2,109.9,114.7,108.4,1.521,1.462,1.42,1.518,1.528,1.431,1.511,1.446,1.44,102.7,126.3,127.7,109.7,106.1,103.2,110.6,114.7,105.6,110.6,110.2,109.4,114.2,107.8
A,6niz,DA,1,1.5163648087127097,1.4534864285382938,1.4163807841889042,1.5232329291768445,1.5163697899095168,1.411213811458901,1.52095896432219,1.4434740578379877,1.4343924914829613,103.58179460278701,127.00920790444968,126.79383311759011,110.82390797634396,107.55391134659398,103.67005076444656,112.12953604934772,115.10968720862273,105.55133857501568,110.60242294803115,111.32478377502744,109.12340718483743,114.53694677411585,107.66269162296196,1.525,1.474,1.413,1.5230000000000001,1.52,,1.508,1.445,1.421,104.5,126.0,127.7,110.6,107.3,103.1,111.9,115.7,105.9,110.7,111.5,109.4,113.5,107.8,1.521,1.462,1.42,1.518,1.528,1.431,1.511,1.446,1.44,102.7,126.3,127.7,109.7,106.1,103.2,110.6,114.7,105.6,110.6,110.2,109.4,114.2,107.8
A,6niz,DA,2,1.5247640095078303,1.4616582185756157,1.4060824557516578,1.5247904741231082,1.5230603421297138,1.4116041214086816,1.5097528289930517,1.4513991337148762,1.4090917039866577,101.89790082914978,127.37233452678399,126.93775579259662,110.80178409234942,106.3292906115664,102.87630556899312,112.92613578391806,115.94872566221356,105.46722196847422,108.49820500236441,110.28645082513682,108.91436170262135,114.05073148009812,108.46998347902033,1.525,1.456,1.421,1.5230000000000001,1.527,,1.508,1.445,,102.3,126.0,127.7,110.0,106.0,103.0,111.9,115.7,105.9,110.7,110.6,109.4,114.7,108.2,1.521,1.462,1.42,1.518,1.528,1.431,1.511,1.446,1.44,102.7,126.3,127.7,109.7,106.1,103.2,110.6,114.7,105.6,110.6,110.2,109.4,114.2,107.8
B,6niz,DA,1,1.5191814186949586,1.4584404416569008,1.4278535183720449,1.5229757254124359,1.5185857697290683,1.4059609992115687,1.5235889521406984,1.452485837410476,1.4267118036907607,101.66803346741938,127.84088184989807,126.26384523332806,110.40279079647233,105.86499857561138,103.10236085926101,112.00720909359089,115.66181248733842,105.13122039421071,109.3501462767499,111.5798245926501,110.26683050950655,114.85449065957826,107.53172355144532,1.525,1.459,1.419,1.5230000000000001,1.527,,1.508,1.445,1.421,101.9,126.4,127.5,109.7,106.0,102.7,111.9,115.7,105.8,110.7,111.5,109.4,114.4,108.0,1.521,1.462,1.42,1.518,1.528,1.431,1.511,1.446,1.44,102.7,126.3,127.7,109.7,106.1,103.2,110.6,114.7,105.6,110.6,110.2,109.4,114.2,107.8
B,6niz,DA,2,1.5201360960133095,1.4661992488901137,1.4144835037120356,1.5256263552340945,1.525230612837311,1.4156185413819367,1.5088666009012575,1.4478491144462895,1.4087059776314883,103.16532956928744,127.06114752030187,126.98643550073011,110.99372716556034,106.90491637117309,103.58363215957257,112.2139304586107,114.72812220875196,106.03124721089738,110.47161006235794,109.41854580645513,108.53701740571405,114.32565245680662,108.55244002401024,1.525,1.486,1.409,1.5230000000000001,1.531,,1.508,1.445,,104.5,126.0,127.8,109.2,106.2,104.0,111.9,115.7,106.3,110.7,110.6,109.4,112.6,107.8,1.521,1.462,1.42,1.518,1.528,1.431,1.511,1.446,1.44,102.7,126.3,127.7,109.7,106.1,103.2,110.6,114.7,105.6,110.6,110.2,109.4,114.2,107.8
A,1kgk,DA,5,1.5085367263195129,1.4749874334637525,1.4276006863449735,1.501615840540847,1.496986909961923,1.4536723461943162,1.5021448191497855,1.4419492623351189,1.4375332367463016,101.1320777179255,124.58090403711371,129.25767923600296,108.45973760270256,106.222819024839,100.99001042155318,114.8821646558498,115.00171568022193,104.63164466647947,110.65643626080191,105.6161183424649,108.6232160157225,113.987856094217,107.6078007483679,1.525,1.486,1.41,1.5230000000000001,1.52,,1.5090000000000001,1.445,,101.4,125.7,128.0,109.5,107.3,101.0,113.4,113.8,103.5,110.7,110.2,109.9,112.7,107.9,1.521,1.462,1.42,1.518,1.528,1.431,1.511,1.446,1.44,102.7,126.3,127.7,109.7,106.1,103.2,110.6,114.7,105.6,110.6,110.2,109.4,114.2,107.8
A,1kgk,DA,7,1.5006311943590394,1.4540084992407671,1.4187084263500112,1.4789601564290376,1.5014402533780915,1.4635988683474879,1.5106322290669418,1.4335490421163188,1.4565266725169055,103.66485478876912,125.99584878972203,130.43484761641218,110.15652886676084,105.95290688590595,102.69242064622482,116.39286037156491,116.44360662538564,103.25242676771768,105.34290224606393,108.99071972676452,109.02713789078024,110.5762186157334,108.26819236164336,1.525,1.483,1.411,1.5230000000000001,1.52,,1.508,1.445,,102.5,125.8,127.9,109.9,107.3,101.8,113.4,115.7,104.4,110.7,110.6,109.4,112.9,107.9,1.521,1.462,1.42,1.518,1.528,1.431,1.511,1.446,1.44,102.7,126.3,127.7,109.7,106.1,103.2,110.6,114.7,105.6,110.6,110.2,109.4,114.2,107.8
B,1kgk,DA,115,1.4263006284355648,1.5158162537695077,1.4512812214536677,1.5064979898470352,1.498855833377289,1.4263316603902854,1.524066952664033,1.4484926399959015,1.4424088244499838,102.9937869311319,122.38429398683996,130.58724825373685,106.55790835536685,108.45070336554149,100.92253484706724,115.80628141954844,116.50505760917457,104.29849612755626,108.5620575237057,111.34422079682108,109.06339243975816,115.96533382604024,104.53906988494862,1.525,1.484,1.411,1.5230000000000001,1.52,,1.508,1.445,,101.8,125.7,128.0,109.6,107.3,101.3,113.4,115.7,103.9,110.7,110.6,109.4,112.9,107.9,1.521,1.462,1.42,1.518,1.528,1.431,1.511,1.446,1.44,102.7,126.3,127.7,109.7,106.1,103.2,110.6,114.7,105.6,110.6,110.2,109.4,114.2,107.8
B,1kgk,DA,117,1.4943184325505676,1.4679621557811113,1.4210276918762925,1.5026588464516,1.5095025579247736,1.4456995903054728,1.5082720078598686,1.4691765672831971,1.4189782138459202,102.14896246049915,124.92603738949319,128.7953774574954,109.02542371381472,106.34761927579827,100.82127323556499,115.40279687192047,118.45666974965681,101.95693813651614,109.65363444229592,109.79453679554281,109.88741467446121,111.01411652039049,108.83400010619934,1.525,1.484,1.411,1.5230000000000001,1.52,,1.508,1.445,,101.1,125.7,128.0,109.4,107.3,100.8,113.4,115.7,103.3,110.7,110.6,109.4,112.9,107.9,1.521,1.462,1.42,1.518,1.528,1.431,1.511,1.446,1.44,102.7,126.3,127.7,109.7,106.1,103.2,110.6,114.7,105.6,110.6,110.2,109.4,114.2,107.8
A,1o56,DA,1,1.5259926526101548,1.438503670141971,1.421753786689459,1.5247174849681024,1.5390031112608173,1.4243863174853562,1.5574550955131246,1.4318269783106103,1.4044359536296278,101.15389101632137,129.11502256952056,126.14107623951467,110.94674679267987,106.77106023251687,104.37028638335,113.56730839430328,116.6239297740988,105.4762925060695,104.48799634630834,109.27301730041319,107.17746391442445,114.91788246804447,106.87978311682951,1.525,1.473,1.4140000000000001,1.5230000000000001,1.527,1.425,1.508,1.445,,102.8,126.1,127.7,110.2,106.0,103.3,112.7,115.7,106.0,110.9,110.6,109.4,113.6,107.8,1.521,1.462,1.42,1.518,1.528,1.431,1.511,1.446,1.44,102.7,126.3,127.7,109.7,106.1,103.2,110.6,114.7,105.6,110.6,110.2,109.4,114.2,107.8
B,1o56,DA,2,1.5172468316257046,1.426928906627234,1.3767092393481337,1.5230141042066547,1.5420760927628923,1.4014587889502887,1.5010770778768705,1.4279949772586649,1.4151567453182443,103.78318346405626,131.13394397235544,124.6078275072751,111.40512620986676,105.73657805750521,100.09354373578336,113.4438316377216,116.7555539671036,107.01187765558066,105.30895402332214,108.51781199348345,109.17066664449416,114.50924202538931,110.10149551042144,1.525,1.4709999999999999,1.4140000000000001,1.5230000000000001,1.527,1.425,1.508,1.445,,102.5,126.2,127.6,110.1,106.0,103.1,112.7,115.7,106.0,110.9,110.6,109.4,113.7,107.8,1.521,1.462,1.42,1.518,1.528,1.431,1.511,1.446,1.44,102.7,126.3,127.7,109.7,106.1,103.2,110.6,114.7,105.6,110.6,110.2,109.4,114.2,107.8
A,4x1a,DA,10,1.5088940610066899,1.4466148381060577,1.4386237527265355,1.5040110867192107,1.527615708953423,1.404031438394769,1.495953740064173,1.4348724563322883,1.430424604455329,103.21684576386393,124.95308276513572,128.75403871471494,108.57525775107501,106.76353060674509,103.52844701680661,106.40609861751103,111.51661084936302,107.78335363474757,109.87349167112886,105.17304131602793,107.14098305839863,119.50240319207981,107.29090481240543,1.525,1.456,1.422,1.5230000000000001,1.527,1.425,1.5090000000000001,1.445,,103.1,125.5,128.1,110.4,106.0,103.6,109.7,113.8,106.1,110.9,110.2,109.9,114.7,108.4,1.521,1.462,1.42,1.518,1.528,1.431,1.511,1.446,1.44,102.7,126.3,127.7,109.7,106.1,103.2,110.6,114.7,105.6,110.6,110.2,109.4,114.2,107.8
