Avg. bond angle SEM ,Avg. bond length SEM,Bond angle std mean,Bond length std mean,File count,Max R-factor,Max e.s.d. (C-C),Name,No disorder,Remove outliers,Structure count
0.19366536127697376,0.001397639632970202,1.396540780730774,0.010078522722589467,43,10.0,0.01,deoxyribose purine,True,True,52
0.19151743627021708,0.0013983332188854318,1.5440629345038313,0.011273722828662323,52,10.0,0.01,deoxyribose purine,True,False,65
0.19394119642694924,0.0014386555822865782,1.4119132220467285,0.01047357073187314,45,10.0,1.0,deoxyribose purine,True,True,53
0.18977021060612567,0.0014337175980047466,1.5763497598918323,0.011909352812271812,56,10.0,1.0,deoxyribose purine,True,False,69
0.1862675960124326,0.001352749709460432,1.4062895105497641,0.01021303633878687,46,10.0,0.01,deoxyribose purine,False,True,57
0.18741900232921657,0.001318854911574635,1.6658165302014,0.011722238862306915,59,10.0,0.01,deoxyribose purine,False,False,79
0.18421390436725626,0.001329111559245662,1.4505017334902346,0.010465434882940458,51,10.0,1.0,deoxyribose purine,False,True,62
0.18789568310587668,0.0015550300393777571,1.782534963383373,0.01475231026324511,67,10.0,1.0,deoxyribose purine,False,False,90
0.19366536127697376,0.001397639632970202,1.396540780730774,0.010078522722589467,43,9.5,0.01,deoxyribose purine,True,True,52
0.19151743627021708,0.0013983332188854318,1.5440629345038313,0.011273722828662323,52,9.5,0.01,deoxyribose purine,True,False,65
0.19394119642694924,0.0014386555822865782,1.4119132220467285,0.01047357073187314,45,9.5,1.0,deoxyribose purine,True,True,53
0.18977021060612567,0.0014337175980047466,1.5763497598918323,0.011909352812271812,56,9.5,1.0,deoxyribose purine,True,False,69
0.1862675960124326,0.001352749709460432,1.4062895105497641,0.01021303633878687,46,9.5,0.01,deoxyribose purine,False,True,57
0.18741900232921657,0.001318854911574635,1.6658165302014,0.011722238862306915,59,9.5,0.01,deoxyribose purine,False,False,79
0.18421390436725626,0.001329111559245662,1.4505017334902346,0.010465434882940458,51,9.5,1.0,deoxyribose purine,False,True,62
0.18789568310587668,0.0015550300393777571,1.782534963383373,0.01475231026324511,67,9.5,1.0,deoxyribose purine,False,False,90
0.19366536127697376,0.001397639632970202,1.396540780730774,0.010078522722589467,43,9.0,0.01,deoxyribose purine,True,True,52
0.19151743627021708,0.0013983332188854318,1.5440629345038313,0.011273722828662323,52,9.0,0.01,deoxyribose purine,True,False,65
0.19394119642694924,0.0014386555822865782,1.4119132220467285,0.01047357073187314,45,9.0,1.0,deoxyribose purine,True,True,53
0.18977021060612567,0.0014337175980047466,1.5763497598918323,0.011909352812271812,56,9.0,1.0,deoxyribose purine,True,False,69
0.18511362350294933,0.0013405920852076819,1.4097833554027785,0.010209645148458681,46,9.0,0.01,deoxyribose purine,False,True,58
0.18872316649284934,0.0013083576671269889,1.6667578764010218,0.011555102043692138,58,9.0,0.01,deoxyribose purine,False,False,78
0.1842771831800192,0.0013476734700257344,1.439250810208736,0.010525666282496488,50,9.0,1.0,deoxyribose purine,False,True,61
0.18668841222265645,0.001481077103424486,1.7413135856200157,0.013814567550491007,65,9.0,1.0,deoxyribose purine,False,False,87
0.19366536127697376,0.001397639632970202,1.396540780730774,0.010078522722589467,43,8.5,0.01,deoxyribose purine,True,True,52
0.19151743627021708,0.0013983332188854318,1.5440629345038313,0.011273722828662323,52,8.5,0.01,deoxyribose purine,True,False,65
0.19390446839705802,0.0014056839763320211,1.4249010192552556,0.010329625444859873,45,8.5,1.0,deoxyribose purine,True,True,54
0.19007749898828438,0.0014065085082090843,1.5674192107638611,0.011598366285351958,55,8.5,1.0,deoxyribose purine,True,False,68
0.19426800026922963,0.0013722368115652761,1.4537685964423301,0.010268880004792673,47,8.5,0.01,deoxyribose purine,False,True,56
0.19612623583162206,0.0013600125136201382,1.6871416740243235,0.01169927000940867,57,8.5,0.01,deoxyribose purine,False,False,74
0.191355792540526,0.0014049073397459466,1.4573222984814116,0.01069945553426799,49,8.5,1.0,deoxyribose purine,False,True,58
0.19417828083767422,0.001523351492583335,1.7583591184465488,0.013794534466098584,63,8.5,1.0,deoxyribose purine,False,False,82
0.19366536127697376,0.001397639632970202,1.396540780730774,0.010078522722589467,43,8.0,0.01,deoxyribose purine,True,True,52
0.19151743627021708,0.0013983332188854318,1.5440629345038313,0.011273722828662323,52,8.0,0.01,deoxyribose purine,True,False,65
0.19390446839705802,0.0014056839763320211,1.4249010192552556,0.010329625444859873,45,8.0,1.0,deoxyribose purine,True,True,54
0.19007749898828438,0.0014065085082090843,1.5674192107638611,0.011598366285351958,55,8.0,1.0,deoxyribose purine,True,False,68
0.19426800026922963,0.0013722368115652761,1.4537685964423301,0.010268880004792673,47,8.0,0.01,deoxyribose purine,False,True,56
0.19612623583162206,0.0013600125136201382,1.6871416740243235,0.01169927000940867,57,8.0,0.01,deoxyribose purine,False,False,74
0.191355792540526,0.0014049073397459466,1.4573222984814116,0.01069945553426799,49,8.0,1.0,deoxyribose purine,False,True,58
0.19417828083767422,0.001523351492583335,1.7583591184465488,0.013794534466098584,63,8.0,1.0,deoxyribose purine,False,False,82
0.19777988241213412,0.001376439019343813,1.3844591768849388,0.00963507313540669,41,7.5,0.01,deoxyribose purine,True,True,49
0.19331372930088123,0.001414159306322976,1.5343801582337757,0.011224541516274618,50,7.5,0.01,deoxyribose purine,True,False,63
0.1972501989349739,0.0013939730081271623,1.4086481782099551,0.00995495846886071,43,7.5,1.0,deoxyribose purine,True,True,51
0.19200810176308744,0.0014237994331981298,1.5598811927245722,0.01156700127580052,53,7.5,1.0,deoxyribose purine,True,False,66
0.19761809835194974,0.0013654061587663087,1.478838434917584,0.010217764079789183,48,7.5,0.01,deoxyribose purine,False,True,56
0.1895878047034128,0.0013883782018761688,1.5862053771369449,0.011616005432210474,54,7.5,0.01,deoxyribose purine,False,False,70
0.1906007475624625,0.0013752401572261891,1.4640321216799868,0.010563420085976098,49,7.5,1.0,deoxyribose purine,False,True,59
0.18991355160915013,0.0015640691315996773,1.6772710730870262,0.013813484548693411,60,7.5,1.0,deoxyribose purine,False,False,78
0.20279024398374182,0.0014550790668006427,1.4195317078861927,0.010185553467604498,41,7.0,0.01,deoxyribose purine,True,True,49
0.19439891672943654,0.0014290063672278835,1.5183040763826863,0.011160896516510123,49,7.0,0.01,deoxyribose purine,True,False,61
0.19623169954853142,0.0014050206754320457,1.3875676543452775,0.009934996473053027,42,7.0,1.0,deoxyribose purine,True,True,50
0.1930569242705629,0.0014408181516204432,1.5444553941645032,0.011526545212963545,52,7.0,1.0,deoxyribose purine,True,False,64
0.19775125967931012,0.001391435421325174,1.4260046131226942,0.01003378351616951,44,7.0,0.01,deoxyribose purine,False,True,52
0.19082471565925413,0.001406305888915058,1.5735809172831223,0.011596695443849841,53,7.0,0.01,deoxyribose purine,False,False,68
0.19396411500750543,0.0014131157426563333,1.438476376269511,0.010479946832778963,47,7.0,1.0,deoxyribose purine,False,True,55
0.19141036802426006,0.0015903410973169766,1.6686769019273575,0.013864272257928571,59,7.0,1.0,deoxyribose purine,False,False,76
0.2100292741072116,0.0014587811194849665,1.393176594408655,0.009676459249172485,38,6.5,0.01,deoxyribose purine,True,True,44
0.20750864686803083,0.0014840417188219236,1.5389253129619584,0.011005947949913997,46,6.5,0.01,deoxyribose purine,True,False,55
0.2120263604666517,0.0014595663503787738,1.4380327418058978,0.009899260620534677,40,6.5,1.0,deoxyribose purine,True,True,46
0.20669116664160658,0.0014773580217702822,1.5604840873770862,0.01115380846598475,48,6.5,1.0,deoxyribose purine,True,False,57
0.20746968752591172,0.0014246000808533982,1.437392159301272,0.009869918882019265,42,6.5,0.01,deoxyribose purine,False,True,48
0.2025644371669258,0.0014595530039344465,1.5949939732471445,0.011492531845517424,50,6.5,0.01,deoxyribose purine,False,False,62
0.2026737804465761,0.0014460852238100037,1.4754873933269872,0.01052765933860164,47,6.5,1.0,deoxyribose purine,False,True,53
0.20354325633825096,0.001660271525651791,1.6907572702353661,0.013791251073902566,55,6.5,1.0,deoxyribose purine,False,False,69
0.2164222223062185,0.001480984284676521,1.4355826153692233,0.009823738385369816,38,6.0,0.01,deoxyribose purine,True,True,44
0.20987005369595071,0.0014997962959584015,1.5422236315367583,0.011021206929642926,45,6.0,0.01,deoxyribose purine,True,False,54
0.21094256916016332,0.0014679082750478228,1.3992347084357122,0.009737001949982884,38,6.0,1.0,deoxyribose purine,True,True,44
0.2090519452883729,0.0014922115834711534,1.5644015106154046,0.011166688987848962,47,6.0,1.0,deoxyribose purine,True,False,56
0.20996208189274346,0.0014390318154869897,1.4394275126377674,0.009865505085966847,41,6.0,0.01,deoxyribose purine,False,True,47
0.2047303309236305,0.0014743252430382586,1.598995000744547,0.011514848251620559,49,6.0,0.01,deoxyribose purine,False,False,61
0.20624692295857597,0.0014495617170011894,1.5155991668028725,0.010652059671976756,47,6.0,1.0,deoxyribose purine,False,True,54
0.20561220723821755,0.001677536617606131,1.695521696719118,0.013833321330462922,54,6.0,1.0,deoxyribose purine,False,False,68
0.21946974779869083,0.0014745491962284384,1.4391593791339794,0.009669265705326911,37,5.5,0.01,deoxyribose purine,True,True,43
0.21256844968705935,0.0015008370273441637,1.547521672715789,0.010926258484966622,44,5.5,0.01,deoxyribose purine,True,False,53
0.21946974779869083,0.0014745491962284384,1.4391593791339794,0.009669265705326911,37,5.5,1.0,deoxyribose purine,True,True,43
0.2116333764413175,0.0014939586413694633,1.5695151261830458,0.011079493815907705,46,5.5,1.0,deoxyribose purine,True,False,55
0.21280919898467118,0.0014331855005471651,1.4433422109586067,0.009720336991741433,40,5.5,0.01,deoxyribose purine,False,True,46
0.20714568332896013,0.001477468348603423,1.604543563543636,0.011444420617379264,48,5.5,0.01,deoxyribose purine,False,False,60
0.21117914142795244,0.0014286709372830298,1.4477712524392847,0.009794474483643675,41,5.5,1.0,deoxyribose purine,False,True,47
0.20598273712658793,0.001467879968301766,1.6219096940452584,0.011558098428512313,50,5.5,1.0,deoxyribose purine,False,False,62
0.22802341933736542,0.0015173094996325852,1.4240057973498057,0.00947559478815637,34,5.0,0.01,deoxyribose purine,True,True,39
0.2252387845206471,0.001555634208423728,1.5441593092877137,0.010664890817521366,40,5.0,0.01,deoxyribose purine,True,False,47
0.22802341933736542,0.0015173094996325852,1.4240057973498057,0.00947559478815637,34,5.0,1.0,deoxyribose purine,True,True,39
0.2252387845206471,0.001555634208423728,1.5441593092877137,0.010664890817521366,40,5.0,1.0,deoxyribose purine,True,False,47
0.2202377036068222,0.001472561589531316,1.4273034490886203,0.00954328982418777,37,5.0,0.01,deoxyribose purine,False,True,42
0.2185763994568204,0.0015326591290663802,1.6062019454518806,0.011262698447493292,44,5.0,0.01,deoxyribose purine,False,False,54
0.2202377036068222,0.001472561589531316,1.4273034490886203,0.00954328982418777,37,5.0,1.0,deoxyribose purine,False,True,42
0.2185763994568204,0.0015326591290663802,1.6062019454518806,0.011262698447493292,44,5.0,1.0,deoxyribose purine,False,False,54
0.24420071870699447,0.0016671281558026739,1.4239226434671337,0.009720944079027552,30,4.5,0.01,deoxyribose purine,True,True,34
0.24184168569821612,0.0016932786626248195,1.5485423593158647,0.010842273645380861,35,4.5,0.01,deoxyribose purine,True,False,41
0.24420071870699447,0.0016671281558026739,1.4239226434671337,0.009720944079027552,30,4.5,1.0,deoxyribose purine,True,True,34
0.24184168569821612,0.0016932786626248195,1.5485423593158647,0.010842273645380861,35,4.5,1.0,deoxyribose purine,True,False,41
0.23460596900778233,0.0015723747430751351,1.4651138068659173,0.009819477123236414,34,4.5,0.01,deoxyribose purine,False,True,39
0.2332386035513945,0.0016565352596798486,1.6159244465497202,0.011476812937179205,39,4.5,0.01,deoxyribose purine,False,False,48
0.23460596900778233,0.0015723747430751351,1.4651138068659173,0.009819477123236414,34,4.5,1.0,deoxyribose purine,False,True,39
0.2332386035513945,0.0016565352596798486,1.6159244465497202,0.011476812937179205,39,4.5,1.0,deoxyribose purine,False,False,48
0.10638294789902354,0.000980004852746656,1.2810203286968251,0.011800821122024276,116,10.0,0.01,deoxyribose pyrimidine,True,True,145
0.11922883589654659,0.0012501089700782883,1.5727363618257006,0.016490069861896117,135,10.0,0.01,deoxyribose pyrimidine,True,False,174
0.10288914182194253,0.0009599900982313338,1.3415102816696884,0.012516739514720878,132,10.0,1.0,deoxyribose pyrimidine,True,True,170
0.12195327904720232,0.0013419433780869274,1.7756665456434484,0.01953899051533029,156,10.0,1.0,deoxyribose pyrimidine,True,False,212
0.09508700532831595,0.0009101453886056485,1.2721774271826183,0.012176915392808753,134,10.0,0.01,deoxyribose pyrimidine,False,True,179
0.11184366926111936,0.0012272959528888277,1.6850947873370443,0.01849107800553678,159,10.0,0.01,deoxyribose pyrimidine,False,False,227
0.09123055913406254,0.0008934149528321617,1.3408099129635622,0.013130464578068983,162,10.0,1.0,deoxyribose pyrimidine,False,True,216
0.1090769492165044,0.001231528333920373,1.818676187892063,0.020533680779517727,190,10.0,1.0,deoxyribose pyrimidine,False,False,278
0.10638294789902354,0.000980004852746656,1.2810203286968251,0.011800821122024276,116,9.5,0.01,deoxyribose pyrimidine,True,True,145
0.11922883589654659,0.0012501089700782883,1.5727363618257006,0.016490069861896117,135,9.5,0.01,deoxyribose pyrimidine,True,False,174
0.10288914182194253,0.0009599900982313338,1.3415102816696884,0.012516739514720878,132,9.5,1.0,deoxyribose pyrimidine,True,True,170
0.12195327904720232,0.0013419433780869274,1.7756665456434484,0.01953899051533029,156,9.5,1.0,deoxyribose pyrimidine,True,False,212
0.09508700532831595,0.0009101453886056485,1.2721774271826183,0.012176915392808753,134,9.5,0.01,deoxyribose pyrimidine,False,True,179
0.11184366926111936,0.0012272959528888277,1.6850947873370443,0.01849107800553678,159,9.5,0.01,deoxyribose pyrimidine,False,False,227
0.09123055913406254,0.0008934149528321617,1.3408099129635622,0.013130464578068983,162,9.5,1.0,deoxyribose pyrimidine,False,True,216
0.1090769492165044,0.001231528333920373,1.818676187892063,0.020533680779517727,190,9.5,1.0,deoxyribose pyrimidine,False,False,278
0.10696708041797431,0.0009716330946250123,1.2791402385664326,0.011619041892152411,115,9.0,0.01,deoxyribose pyrimidine,True,True,143
0.10937292109005763,0.0010413419125771626,1.4260484204686865,0.01357743740222273,134,9.0,0.01,deoxyribose pyrimidine,True,False,170
0.10332423376663258,0.0009614664301054849,1.3191555091058305,0.012275181647691613,130,9.0,1.0,deoxyribose pyrimidine,True,True,163
0.11557986744900012,0.0012270487655633804,1.6508107023350078,0.01752576187520547,153,9.0,1.0,deoxyribose pyrimidine,True,False,204
0.09533494763506661,0.0009131602137951464,1.2683489845396723,0.012148806483039244,133,9.0,0.01,deoxyribose pyrimidine,False,True,177
0.10582721716594178,0.0011083859836558212,1.5803373615018061,0.016551732416714697,158,9.0,0.01,deoxyribose pyrimidine,False,False,223
0.0912494224410584,0.0008955271832203265,1.3191775972278286,0.012946486303251754,158,9.0,1.0,deoxyribose pyrimidine,False,True,209
0.10514728283582267,0.0011623298842745446,1.7277461600866755,0.01909902890638612,187,9.0,1.0,deoxyribose pyrimidine,False,False,270
0.10722679505270477,0.000981347615122399,1.2822459738873386,0.011735210661254363,115,8.5,0.01,deoxyribose pyrimidine,True,True,143
0.1097552287666152,0.0010438544991078424,1.4268179739659976,0.01357010848840195,133,8.5,0.01,deoxyribose pyrimidine,True,False,169
0.10468590787194751,0.0009641533601430486,1.3241836311916189,0.012195682527026562,128,8.5,1.0,deoxyribose pyrimidine,True,True,160
0.1128257947329871,0.001170146435772568,1.5835854923415524,0.016423787875724502,149,8.5,1.0,deoxyribose pyrimidine,True,False,197
0.09560361774380975,0.0009145501873051117,1.2683253146271232,0.01213287929296123,132,8.5,0.01,deoxyribose pyrimidine,False,True,176
0.10612794303052203,0.0011113150724229317,1.5812707373500339,0.01655822165038123,157,8.5,0.01,deoxyribose pyrimidine,False,False,222
0.09179807183138952,0.0009008594225271405,1.3207442600049097,0.01296111004988686,157,8.5,1.0,deoxyribose pyrimidine,False,True,207
0.10381107646875004,0.0011337718369130198,1.6835327481724185,0.018386689371950118,183,8.5,1.0,deoxyribose pyrimidine,False,False,263
0.10780802370094399,0.0009746545529694702,1.2710378540500509,0.011491007709063307,112,8.0,0.01,deoxyribose pyrimidine,True,True,139
0.11039612119309612,0.0010457371929839352,1.426632292126562,0.013513902775435254,132,8.0,0.01,deoxyribose pyrimidine,True,False,167
0.10524545493700886,0.000963630407589408,1.3229148551641101,0.012112646402173504,127,8.0,1.0,deoxyribose pyrimidine,True,True,158
0.1132244899836973,0.001166465160063958,1.5770346589790802,0.01624697966117853,147,8.0,1.0,deoxyribose pyrimidine,True,False,194
0.09613121852869594,0.0009180821791409433,1.2570788006580311,0.012005482322222932,130,8.0,0.01,deoxyribose pyrimidine,False,True,171
0.1031596925652727,0.0010669001219134082,1.5161316528438094,0.015680165431206095,154,8.0,0.01,deoxyribose pyrimidine,False,False,216
0.09294462267537304,0.0009027637928703537,1.3144354593716245,0.012767007994966299,153,8.0,1.0,deoxyribose pyrimidine,False,True,200
0.10219410563384869,0.0011038898898808153,1.6319089995177634,0.01762770792503027,178,8.0,1.0,deoxyribose pyrimidine,False,False,255
0.10810432809543598,0.0009715285637562545,1.2699383110644635,0.011412876479083268,111,7.5,0.01,deoxyribose pyrimidine,True,True,138
0.11074554940613439,0.0010493383563939744,1.4268565920940506,0.013519778981519442,131,7.5,0.01,deoxyribose pyrimidine,True,False,166
0.10561508322160489,0.0009681209311498473,1.3106487148742814,0.012014064805422388,124,7.5,1.0,deoxyribose pyrimidine,True,True,154
0.11082041755340784,0.0011073357541005555,1.5194930108367701,0.015183022913576065,143,7.5,1.0,deoxyribose pyrimidine,True,False,188
0.0963405150954431,0.0009207004195183436,1.2561266354573495,0.012004464778790146,129,7.5,0.01,deoxyribose pyrimidine,False,True,170
0.10342319712178637,0.001070573555938362,1.5164817526504413,0.015697689760439892,153,7.5,0.01,deoxyribose pyrimidine,False,False,215
0.09379227922750653,0.000904812476752002,1.3063752824827817,0.012602579494242512,149,7.5,1.0,deoxyribose pyrimidine,False,True,194
0.1009536443816162,0.0010643442291119374,1.5866110624663714,0.01672748258396461,173,7.5,1.0,deoxyribose pyrimidine,False,False,247
0.10907139167003421,0.0009740395706263254,1.2578726517225245,0.011233172317934364,110,7.0,0.01,deoxyribose pyrimidine,True,True,133
0.10998181707913861,0.0010095793790852526,1.3911721726963406,0.012770281266591832,127,7.0,0.01,deoxyribose pyrimidine,True,False,160
0.1066635071186634,0.0009543183535335882,1.2888200602196418,0.011531072539191424,119,7.0,1.0,deoxyribose pyrimidine,True,True,146
0.11111821038208751,0.0010725329331496439,1.4657498634017019,0.014147681058327567,138,7.0,1.0,deoxyribose pyrimidine,True,False,174
0.09761286517646697,0.0009195028983444341,1.250054605793401,0.011775382589557997,124,7.0,0.01,deoxyribose pyrimidine,False,True,164
0.10449164412647209,0.0010622861992378469,1.4997372305187924,0.015246675232088641,147,7.0,0.01,deoxyribose pyrimidine,False,False,206
0.09587782569903472,0.0008937754637205156,1.293462584638982,0.012057690221509498,141,7.0,1.0,deoxyribose pyrimidine,False,True,182
0.10286021406533483,0.0010637852542442327,1.5599523828118267,0.016133102164305455,166,7.0,1.0,deoxyribose pyrimidine,False,False,230
0.11132570763251072,0.0009911415337467268,1.2496279689030596,0.011125536123245683,103,6.5,0.01,deoxyribose pyrimidine,True,True,126
0.11298217091685712,0.0010292161034612703,1.383743343891087,0.012605271442678258,119,6.5,0.01,deoxyribose pyrimidine,True,False,150
0.10858588384481087,0.0009708985820716438,1.2848055042885775,0.01148782694566827,113,6.5,1.0,deoxyribose pyrimidine,True,True,140
0.1143834894159953,0.0011013244849001548,1.4648233868834064,0.014103835005084856,130,6.5,1.0,deoxyribose pyrimidine,True,False,164
0.09982902605086988,0.0009371553179413945,1.2468641357394878,0.011705066169464847,118,6.5,0.01,deoxyribose pyrimidine,False,True,156
0.10739969778297605,0.0010858375529385928,1.4959046915735208,0.015123967043276187,138,6.5,0.01,deoxyribose pyrimidine,False,False,194
0.0975167594238802,0.0009053541303050184,1.2937060071214586,0.012010879810481108,135,6.5,1.0,deoxyribose pyrimidine,False,True,176
0.10593563636248395,0.0010902344845381113,1.5605293698552427,0.016060156823235246,156,6.5,1.0,deoxyribose pyrimidine,False,False,217
0.11265485854446583,0.000988146321073273,1.2494028213117871,0.010959072847537296,102,6.0,0.01,deoxyribose pyrimidine,True,True,123
0.11290603445349102,0.0010251460684464182,1.3689129170819803,0.012429235530100747,116,6.0,0.01,deoxyribose pyrimidine,True,False,147
0.11087066608164214,0.0009816418615684146,1.2834207478648056,0.011363326086467349,110,6.0,1.0,deoxyribose pyrimidine,True,True,134
0.11507716673665039,0.0011074581465189974,1.4510678600111846,0.013964515883492547,126,6.0,1.0,deoxyribose pyrimidine,True,False,159
0.10149770588810332,0.0009355281121472753,1.2472246908166693,0.011495961905873497,116,6.0,0.01,deoxyribose pyrimidine,False,True,151
0.1080822542689325,0.0010501087548512845,1.4780025979776665,0.014360021247960044,133,6.0,0.01,deoxyribose pyrimidine,False,False,187
0.0983531874742202,0.00090749577409962,1.2861348149257088,0.01186704711297138,131,6.0,1.0,deoxyribose pyrimidine,False,True,171
0.10771232595916234,0.0010772840243268723,1.5459627109629017,0.015461934517659802,149,6.0,1.0,deoxyribose pyrimidine,False,False,206
0.11752686753116935,0.0010207916650594362,1.2437874554236232,0.010803043544619239,93,5.5,0.01,deoxyribose pyrimidine,True,True,112
0.1172295157903903,0.0010173601326188876,1.3519567287956247,0.011732769410749903,107,5.5,0.01,deoxyribose pyrimidine,True,False,133
0.11624821118772163,0.0010176593019149138,1.2466231826416874,0.010913180210140589,96,5.5,1.0,deoxyribose pyrimidine,True,True,115
0.11588205018637525,0.0010165746077076185,1.3613058578603368,0.011942047678641798,112,5.5,1.0,deoxyribose pyrimidine,True,False,138
0.10730866818888339,0.0009571496132862546,1.2514233642185906,0.011162186702483866,108,5.5,0.01,deoxyribose pyrimidine,False,True,136
0.11366472003015647,0.0010424089551097039,1.4644674746141069,0.013430499891255804,121,5.5,0.01,deoxyribose pyrimidine,False,False,166
0.10619961613412109,0.000944205216039958,1.2788127219104553,0.011369736410734167,114,5.5,1.0,deoxyribose pyrimidine,False,True,145
0.11207515264363968,0.0010368563607899754,1.4910629268065243,0.013794476683991379,131,5.5,1.0,deoxyribose pyrimidine,False,False,177
0.12390182140692368,0.0010917148914111469,1.220291420420328,0.010752144725611661,82,5.0,0.01,deoxyribose pyrimidine,True,True,97
0.12320524020041883,0.001059682269364429,1.3212290072038735,0.011363826330977378,94,5.0,0.01,deoxyribose pyrimidine,True,False,115
0.12220378228437558,0.001075020298869998,1.2159122813986623,0.01069631692010252,82,5.0,1.0,deoxyribose pyrimidine,True,True,99
0.12260720378386213,0.001055427625573749,1.3205199978360453,0.01136730341143457,95,5.0,1.0,deoxyribose pyrimidine,True,False,116
0.11400209890155208,0.001003292821006185,1.2172093308676843,0.01071223595958428,91,5.0,0.01,deoxyribose pyrimidine,False,True,114
0.11289287643073649,0.0010937007487178984,1.3261910170617068,0.012848074689577448,106,5.0,0.01,deoxyribose pyrimidine,False,False,138
0.11400111023397479,0.0009986376986099647,1.2278295336125242,0.01075565717926435,92,5.0,1.0,deoxyribose pyrimidine,False,True,116
0.11333814091157562,0.0010990752833220335,1.3553270411589893,0.01314302881426292,110,5.0,1.0,deoxyribose pyrimidine,False,False,143
0.1328596092059363,0.001156448968564582,1.2320893292365023,0.010724466543977438,73,4.5,0.01,deoxyribose pyrimidine,True,True,86
0.13271944407805267,0.001129315918136274,1.3404006808829625,0.011405531692188203,85,4.5,0.01,deoxyribose pyrimidine,True,False,102
0.13163413768818444,0.0011401221579052372,1.2348376678868551,0.010695293875125243,74,4.5,1.0,deoxyribose pyrimidine,True,True,88
0.131996488213881,0.001124200337525274,1.3396180458556513,0.011409387322984077,86,4.5,1.0,deoxyribose pyrimidine,True,False,103
0.12719766562645848,0.001111518768485023,1.2332271231355205,0.0107765742902501,78,4.5,0.01,deoxyribose pyrimidine,False,True,94
0.1252541800087288,0.0012191068929631827,1.3490288042589929,0.013130183072240844,92,4.5,0.01,deoxyribose pyrimidine,False,False,116
0.12736238527464855,0.0011298939915498644,1.241374976536325,0.011012844367071846,80,4.5,1.0,deoxyribose pyrimidine,False,True,95
0.12563691957830733,0.001226017915313011,1.3762834981700274,0.01343035336244789,95,4.5,1.0,deoxyribose pyrimidine,False,False,120
0.14003795915095762,0.0009185071888872621,1.5467698149324494,0.010145243498141622,101,10.0,0.01,ribose purine,True,True,122
0.15938976706641889,0.0014726546481194068,2.0411849614035256,0.018859181341483032,125,10.0,0.01,ribose purine,True,False,164
0.13435342581571214,0.000940295589893164,1.6726866620514436,0.01170658568660148,126,10.0,1.0,ribose purine,True,True,155
0.16011835932674257,0.0017128526801803733,2.3258535159433267,0.024880622342381822,155,10.0,1.0,ribose purine,True,False,211
0.13095748442059785,0.0008993273110954978,1.5985398168766074,0.010977688839635439,122,10.0,0.01,ribose purine,False,True,149
0.15317606172861167,0.001468234584457138,2.1499284778051173,0.020607654418060704,147,10.0,0.01,ribose purine,False,False,197
0.1232726688029743,0.0009160516700844185,1.7125586467753167,0.012726196518089735,153,10.0,1.0,ribose purine,False,True,193
0.15469751419369207,0.0016250443303185702,2.513537092822542,0.02640384509748798,190,10.0,1.0,ribose purine,False,False,264
0.14003795915095762,0.0009185071888872621,1.5467698149324494,0.010145243498141622,101,9.5,0.01,ribose purine,True,True,122
0.15215489652324957,0.0012835544820274034,1.93661566420189,0.016336981408751342,124,9.5,0.01,ribose purine,True,False,162
0.13556717543830726,0.0009292394481649942,1.6603520284711062,0.011380812484348269,123,9.5,1.0,ribose purine,True,True,150
0.1555859566705513,0.0015612983339789294,2.2167586590238924,0.022245077095845996,150,9.5,1.0,ribose purine,True,False,203
0.13115369727784523,0.0008941349313280763,1.5955535910235052,0.010877620914626388,121,9.5,0.01,ribose purine,False,True,148
0.14335579579417565,0.001241964815174832,1.9915623636335889,0.017253926631683732,145,9.5,0.01,ribose purine,False,False,193
0.12442172075100687,0.0009047843898510278,1.6877383344031864,0.012273092591100656,146,9.5,1.0,ribose purine,False,True,184
0.15117580680148343,0.0014944194880570144,2.3998415342776322,0.02372317391884392,182,9.5,1.0,ribose purine,False,False,252
0.14130590677833543,0.0009181215367277456,1.5414654571424125,0.010015523530409918,101,9.0,0.01,ribose purine,True,True,119
0.14976035158377904,0.0011341391393081413,1.882458429614461,0.01425590792601708,123,9.0,0.01,ribose purine,True,False,158
0.13434231090332294,0.0009345531985684389,1.6288139566353879,0.011330855356075793,121,9.0,1.0,ribose purine,True,True,147
0.155082279651476,0.0014997211717964537,2.187704774168083,0.021156170613647714,149,9.0,1.0,ribose purine,True,False,199
0.1307187077305297,0.0008837851301045033,1.5631683910429386,0.010568533026665444,118,9.0,0.01,ribose purine,False,True,143
0.142797777770065,0.0011427338907976689,1.952730241954807,0.015626650931924193,143,9.0,0.01,ribose purine,False,False,187
0.12579927458392443,0.0009127880112374002,1.6783716610095059,0.012178111007691367,142,9.0,1.0,ribose purine,False,True,178
0.15346999888866228,0.0014748785171590107,2.38743289230303,0.022943725220008915,177,9.0,1.0,ribose purine,False,False,242
0.14281871315200653,0.0009114504512161787,1.5248865761783872,0.009731627790484388,98,8.5,0.01,ribose purine,True,True,114
0.1499540361179954,0.0010956110690459836,1.848757520094973,0.013507600431669741,120,8.5,0.01,ribose purine,True,False,152
0.13805515218377606,0.0009202381385708524,1.6393141039082366,0.010927222458929303,118,8.5,1.0,ribose purine,True,True,141
0.15650062539418366,0.0015105512426146943,2.174176172602562,0.020985248531218442,146,8.5,1.0,ribose purine,True,False,193
0.13237724653713867,0.0008635035731067727,1.5437707130602645,0.010070095591625248,113,8.5,0.01,ribose purine,False,True,136
0.14327911430760815,0.0011100556439621694,1.9169439018454095,0.014851532323363663,139,8.5,0.01,ribose purine,False,False,179
0.12863042091233873,0.0008961348781578454,1.6721954718604035,0.01164975341605199,137,8.5,1.0,ribose purine,False,True,169
0.15651634036783213,0.0014966746788010964,2.383985871203155,0.022796669534081788,172,8.5,1.0,ribose purine,False,False,232
0.1440011077174088,0.0009097417934324324,1.5239644781523507,0.00962780217081644,96,8.0,0.01,ribose purine,True,True,112
0.15106664711102152,0.0010925944996790222,1.8440034296431014,0.013336815525776723,118,8.0,0.01,ribose purine,True,False,149
0.13964845932513195,0.0009070887172282806,1.6225684718692797,0.010539418486073338,113,8.0,1.0,ribose purine,True,True,135
0.15743080700978365,0.0015178733139990714,2.147069950702544,0.0207010320493254,141,8.0,1.0,ribose purine,True,False,186
0.133459580226339,0.0008646529741196262,1.5391309628187433,0.009971664546702856,112,8.0,0.01,ribose purine,False,True,133
0.14450866922431307,0.0010988828290282118,1.9062002658930817,0.01449526005687204,136,8.0,0.01,ribose purine,False,False,174
0.1300142949174727,0.0008799972187794198,1.6342543460233587,0.011061393519778745,129,8.0,1.0,ribose purine,False,True,158
0.1551672433048826,0.001449151589270696,2.2962655058745325,0.021445485118835306,165,8.0,1.0,ribose purine,False,False,219
0.14493512474735612,0.0009100787697806832,1.5269862909646623,0.009588274806231459,95,7.5,0.01,ribose purine,True,True,111
0.15187545847241588,0.0010963938755393639,1.8476446961357489,0.013338207169158582,117,7.5,0.01,ribose purine,True,False,148
0.14185461147256695,0.0009202695430244088,1.6173914193800707,0.010492687174236447,108,7.5,1.0,ribose purine,True,True,130
0.16106750141196258,0.0015408765705479713,2.142863733876558,0.02050002944394156,135,7.5,1.0,ribose purine,True,False,177
0.13446426210793946,0.0008594965575360356,1.5390138237632816,0.009837387739971153,109,7.5,0.01,ribose purine,False,True,131
0.14569137367816992,0.0011068064787021878,1.9107244528314198,0.014515630884777536,134,7.5,0.01,ribose purine,False,False,172
0.13329646425093067,0.0008753309163682147,1.6270907042596443,0.01068477551281976,123,7.5,1.0,ribose purine,False,True,149
0.1592184227745522,0.0014760012731444608,2.301794036294419,0.021338302872762175,158,7.5,1.0,ribose purine,False,False,209
0.14682400194585163,0.0009026340004091028,1.53288758317957,0.009423775629635124,92,7.0,0.01,ribose purine,True,True,109
0.1551762690424861,0.0011109143289227347,1.8556382863517022,0.013284603208505573,113,7.0,0.01,ribose purine,True,False,143
0.14608631381594628,0.0009259815423282057,1.633294641374113,0.010352788372779835,104,7.0,1.0,ribose purine,True,True,125
0.16501572337011977,0.0015828286196650724,2.1578605867968452,0.02069816999419208,130,7.0,1.0,ribose purine,True,False,171
0.1366234375110392,0.000857098659011752,1.5335942825088833,0.009620908586056085,105,7.0,0.01,ribose purine,False,True,126
0.1438354552003008,0.0010462889326306563,1.8475998751060327,0.013439824684124071,128,7.0,0.01,ribose purine,False,False,165
0.1374583075010019,0.0008793634249763295,1.6552172104140288,0.010588937850983195,120,7.0,1.0,ribose purine,False,True,145
0.15314456322870884,0.0014411015839010757,2.160369920188644,0.0203292395639708,149,7.0,1.0,ribose purine,False,False,199
0.14890428359873378,0.0009042179380016327,1.5258148628767103,0.009265476692400238,89,6.5,0.01,ribose purine,True,True,105
0.15675014284877242,0.001120533767202534,1.841397242603903,0.013163291284282673,110,6.5,0.01,ribose purine,True,False,138
0.14496141394096296,0.0009153937152298866,1.5612822094946615,0.009859092039856179,97,6.5,1.0,ribose purine,True,True,116
0.16317805793187554,0.0015452243093075316,2.0833179810672733,0.019728103331800927,125,6.5,1.0,ribose purine,True,False,163
0.14080530961953236,0.0008690964462110859,1.5295371703924623,0.00944080392087322,99,6.5,0.01,ribose purine,False,True,118
0.1476366186749234,0.0010594814322374523,1.8380610794893446,0.013190437457289586,123,6.5,0.01,ribose purine,False,False,155
0.13876822556513885,0.0008761163137112396,1.5943255302157204,0.010065810099536361,110,6.5,1.0,ribose purine,False,True,132
0.15445789102862426,0.0014334720767007635,2.0894676208271084,0.019391650822624316,140,6.5,1.0,ribose purine,False,False,183
0.15171001822400615,0.0009149242245445619,1.5171001822400616,0.009149242245445619,87,6.0,0.01,ribose purine,True,True,100
0.15979397898349276,0.0011250558328988953,1.84283406487864,0.012974776815405998,107,6.0,0.01,ribose purine,True,False,133
0.14994679666611663,0.0009108545483146182,1.5437967593001196,0.009377821541683084,90,6.0,1.0,ribose purine,True,True,106
0.1671503602371001,0.001404300077386664,1.9918264220784176,0.016734166738844303,113,6.0,1.0,ribose purine,True,False,142
0.14351270395017104,0.0008789249209864379,1.5322963702365793,0.009384350159032636,98,6.0,0.01,ribose purine,False,True,114
0.1501520574331181,0.0010628690884262606,1.838979622701067,0.013017434650107159,120,6.0,0.01,ribose purine,False,False,150
0.14209595424081742,0.0008766441962046899,1.5435571596056301,0.0095227934722562,100,6.0,1.0,ribose purine,False,True,118
0.1577482138413218,0.0013078552257504209,2.0078069710907562,0.01664627938089094,128,6.0,1.0,ribose purine,False,False,162
0.1596790641628878,0.0009385014905797122,1.5398891286290757,0.009050580613822063,83,5.5,0.01,ribose purine,True,True,93
0.16546209721015845,0.0011018288838766108,1.8425079364916739,0.012269447187169944,101,5.5,0.01,ribose purine,True,False,124
0.15947535683256392,0.0009375698621110507,1.5461709501430034,0.009090077070952692,83,5.5,1.0,ribose purine,True,True,94
0.17453330548761864,0.0014316693251884675,1.9976249870536031,0.016386204393507787,106,5.5,1.0,ribose purine,True,False,131
0.15112410805866194,0.0008930355956860232,1.548561294826667,0.009150891781244081,92,5.5,0.01,ribose purine,False,True,105
0.1570056418470782,0.0010474071822209497,1.8443986762384623,0.012304248418362987,112,5.5,0.01,ribose purine,False,False,138
0.14902405615280515,0.0008819237743260618,1.555856823436383,0.009207554521459342,93,5.5,1.0,ribose purine,False,True,109
0.1663155065235744,0.0013420488877329197,2.023315462578335,0.01632672937626041,119,5.5,1.0,ribose purine,False,False,148
0.1661717118141844,0.0009636760115766883,1.522988895497775,0.008832236536926628,75,5.0,0.01,ribose purine,True,True,84
0.1713204347578555,0.0011544111368246349,1.829201688081648,0.012325738042893051,93,5.0,0.01,ribose purine,True,False,114
0.1651800122971644,0.000961058023612462,1.5228844668298929,0.00886051717473313,76,5.0,1.0,ribose purine,True,True,85
0.1817389384568473,0.0015172396038509986,1.9991283230253203,0.016689635642360985,98,5.0,1.0,ribose purine,True,False,121
0.15770106055114078,0.000910772139878265,1.528968509453916,0.008830263514367666,82,5.0,0.01,ribose purine,False,True,94
0.16285514948583557,0.0010935733772861858,1.8352843277500188,0.01232394607671007,103,5.0,0.01,ribose purine,False,False,127
0.1560305127288293,0.0009015298204151424,1.5446232707159677,0.008924689892404126,85,5.0,1.0,ribose purine,False,True,98
0.17347685753569098,0.0014173036333183678,2.0304945589099233,0.0165891137103641,110,5.0,1.0,ribose purine,False,False,137
0.17836018803413647,0.0010015344606912296,1.5134363814317473,0.008498301704961362,67,4.5,0.01,ribose purine,True,True,72
0.18069192566668416,0.0010385409941380767,1.7425298264608011,0.010015326648442043,78,4.5,0.01,ribose purine,True,False,93
0.17800101929905743,0.001007475011200964,1.5208413755614847,0.008607870269014857,67,4.5,1.0,ribose purine,True,True,73
0.19087457151861564,0.001600774398946346,1.8895618542764567,0.015846858057026934,82,4.5,1.0,ribose purine,True,False,98
0.1685904300106849,0.0009474786883143197,1.5359319146917205,0.008631941657542374,74,4.5,0.01,ribose purine,False,True,83
0.17266707522665653,0.0010053718550672541,1.76086557187143,0.010252821414809812,86,4.5,0.01,ribose purine,False,False,104
0.1662133255587766,0.0009517963303557079,1.5413989700997195,0.008826596053131632,76,4.5,1.0,ribose purine,False,True,86
0.18479473377166314,0.0014992714231640183,1.9469333303688454,0.015795804596002855,91,4.5,1.0,ribose purine,False,False,111
0.17798287277849406,0.0011464729343043244,1.5310665636032728,0.009862333090746592,65,10.0,0.01,ribose pyrimidine,True,True,74
0.18257144461628283,0.001389786819769543,1.7029130682060813,0.012963068470977357,76,10.0,0.01,ribose pyrimidine,True,False,87
0.1687591959893743,0.0011871829075607789,1.5740809896874,0.011073304984167484,77,10.0,1.0,ribose pyrimidine,True,True,87
0.1753899596590164,0.0015071160610856996,1.8142478498164138,0.015589729757418016,91,10.0,1.0,ribose pyrimidine,True,False,107
0.15902138997072274,0.00104098413571142,1.5417695781188394,0.010092715653156394,79,10.0,0.01,ribose pyrimidine,False,True,94
0.18198669579179924,0.0014744858887436767,1.9684870893887965,0.015949003430440253,91,10.0,0.01,ribose pyrimidine,False,False,117
0.14974841525054,0.0011053035169190043,1.6266841637717147,0.012006669480442747,95,10.0,1.0,ribose pyrimidine,False,True,118
0.1857823405659407,0.0016581146146886641,2.3204206899441386,0.020709844899691677,115,10.0,1.0,ribose pyrimidine,False,False,156
0.17955178209465372,0.0011285705183605788,1.5235473923191076,0.009576238398959786,63,9.5,0.01,ribose pyrimidine,True,True,72
0.18105365557743744,0.001354794461681039,1.6692322267515787,0.012490587769962523,74,9.5,0.01,ribose pyrimidine,True,False,85
0.16941185096172795,0.0011741884303004342,1.571060874434842,0.010888975544431176,76,9.5,1.0,ribose pyrimidine,True,True,86
0.1747432606918221,0.0014932966438830264,1.7905855889923443,0.015301737188842075,89,9.5,1.0,ribose pyrimidine,True,False,105
0.160566500073012,0.0010283030279955889,1.53170678853963,0.00980938569340739,76,9.5,0.01,ribose pyrimidine,False,True,91
0.16349190100673622,0.0012444256959719363,1.7224940604026489,0.013110838253913112,88,9.5,0.01,ribose pyrimidine,False,False,111
0.15137080833376343,0.0010942878945212134,1.6232710758822595,0.01173493031726231,92,9.5,1.0,ribose pyrimidine,False,True,115
0.17861578254876123,0.0015802725240203167,2.187587636261906,0.019354306691949246,112,9.5,1.0,ribose pyrimidine,False,False,150
0.17955178209465372,0.0011285705183605788,1.5235473923191076,0.009576238398959786,63,9.0,0.01,ribose pyrimidine,True,True,72
0.18105365557743744,0.001354794461681039,1.6692322267515787,0.012490587769962523,74,9.0,0.01,ribose pyrimidine,True,False,85
0.16941185096172795,0.0011741884303004342,1.571060874434842,0.010888975544431176,76,9.0,1.0,ribose pyrimidine,True,True,86
0.1747432606918221,0.0014932966438830264,1.7905855889923443,0.015301737188842075,89,9.0,1.0,ribose pyrimidine,True,False,105
0.160566500073012,0.0010283030279955889,1.53170678853963,0.00980938569340739,76,9.0,0.01,ribose pyrimidine,False,True,91
0.16349190100673622,0.0012444256959719363,1.7224940604026489,0.013110838253913112,88,9.0,0.01,ribose pyrimidine,False,False,111
0.15283193647724114,0.001087711479416674,1.6029148726030904,0.011408014238684533,90,9.0,1.0,ribose pyrimidine,False,True,110
0.1828121802403829,0.0016129592397844906,2.1937461628845947,0.019355510877413887,110,9.0,1.0,ribose pyrimidine,False,False,144
0.17955178209465372,0.0011285705183605788,1.5235473923191076,0.009576238398959786,63,8.5,0.01,ribose pyrimidine,True,True,72
0.18105365557743744,0.001354794461681039,1.6692322267515787,0.012490587769962523,74,8.5,0.01,ribose pyrimidine,True,False,85
0.16941185096172795,0.0011741884303004342,1.571060874434842,0.010888975544431176,76,8.5,1.0,ribose pyrimidine,True,True,86
0.17130737588717468,0.0014477889293816508,1.7385799821794294,0.01469345285343533,88,8.5,1.0,ribose pyrimidine,True,False,103
0.160566500073012,0.0010283030279955889,1.53170678853963,0.00980938569340739,76,8.5,0.01,ribose pyrimidine,False,True,91
0.16349190100673622,0.0012444256959719363,1.7224940604026489,0.013110838253913112,88,8.5,0.01,ribose pyrimidine,False,False,111
0.15297617086470355,0.0010714052252952652,1.597118112386977,0.011185798947330933,89,8.5,1.0,ribose pyrimidine,False,True,109
0.18201901446141577,0.001599427094278818,2.1690068858400893,0.019059373500922638,109,8.5,1.0,ribose pyrimidine,False,False,142
0.17955178209465372,0.0011285705183605788,1.5235473923191076,0.009576238398959786,63,8.0,0.01,ribose pyrimidine,True,True,72
0.18105365557743744,0.001354794461681039,1.6692322267515787,0.012490587769962523,74,8.0,0.01,ribose pyrimidine,True,False,85
0.16941185096172795,0.0011741884303004342,1.571060874434842,0.010888975544431176,76,8.0,1.0,ribose pyrimidine,True,True,86
0.17130737588717468,0.0014477889293816508,1.7385799821794294,0.01469345285343533,88,8.0,1.0,ribose pyrimidine,True,False,103
0.160566500073012,0.0010283030279955889,1.53170678853963,0.00980938569340739,76,8.0,0.01,ribose pyrimidine,False,True,91
0.16349190100673622,0.0012444256959719363,1.7224940604026489,0.013110838253913112,88,8.0,0.01,ribose pyrimidine,False,False,111
0.15297617086470355,0.0010714052252952652,1.597118112386977,0.011185798947330933,89,8.0,1.0,ribose pyrimidine,False,True,109
0.17330877988744772,0.0013531331822099948,2.0285272604755367,0.01583801783700509,107,8.0,1.0,ribose pyrimidine,False,False,137
0.18035815940938724,0.0011322111113477539,1.519724863997914,0.00954018039907063,62,7.5,0.01,ribose pyrimidine,True,True,71
0.17643347433419931,0.0012170751664498042,1.5976730613558578,0.011021084374265681,71,7.5,0.01,ribose pyrimidine,True,False,82
0.16966361737334246,0.0011680359906509074,1.5642212631586605,0.01076875974352418,75,7.5,1.0,ribose pyrimidine,True,True,85
0.168553938969788,0.0013665060700315363,1.6855393896978799,0.013665060700315363,85,7.5,1.0,ribose pyrimidine,True,False,100
0.1624984711307894,0.0010370744885186015,1.533007510635912,0.00978374115722174,74,7.5,0.01,ribose pyrimidine,False,True,89
0.16083848062093156,0.0011555463370716546,1.6714825214858144,0.012008789797849305,85,7.5,0.01,ribose pyrimidine,False,False,108
0.15375160939341959,0.001075669887111326,1.5904190142362276,0.011126815831408192,87,7.5,1.0,ribose pyrimidine,False,True,107
0.17275965575750885,0.0013054076622672198,1.9998375984311068,0.015111186190058003,104,7.5,1.0,ribose pyrimidine,False,False,134
0.18372614020990224,0.0011427850374831623,1.526143940509406,0.009492685462543362,60,7.0,0.01,ribose pyrimidine,True,True,69
0.17936177017807398,0.001232718699471333,1.604260442731472,0.011025771236612138,69,7.0,0.01,ribose pyrimidine,True,False,80
0.1769410779497119,0.0011892737621199852,1.5526516576754954,0.01043583490946272,67,7.0,1.0,ribose pyrimidine,True,True,77
0.17002923262697944,0.0013254586022291882,1.6484945723555273,0.012850797935731276,80,7.0,1.0,ribose pyrimidine,True,False,94
0.16486926806329583,0.0010448194584950022,1.5377981574316704,0.009745427131425882,72,7.0,0.01,ribose pyrimidine,False,True,87
0.16290279797223425,0.0011675330604602001,1.6771869568540512,0.012020488567872835,83,7.0,0.01,ribose pyrimidine,False,False,106
0.1570436490585866,0.0010793642492047967,1.578269140125754,0.01084747645439274,83,7.0,1.0,ribose pyrimidine,False,True,101
0.15783984322635694,0.001283427631349055,1.7647030950602194,0.014349157139490138,97,7.0,1.0,ribose pyrimidine,False,False,125
0.1869588296887783,0.001161237592954038,1.5188607124774287,0.009433938802065625,58,6.5,0.01,ribose pyrimidine,True,True,66
0.1823643530292807,0.001257276583091965,1.600240703361743,0.011032557241734046,67,6.5,0.01,ribose pyrimidine,True,False,77
0.18110546941222988,0.001198320679404485,1.5367308663763273,0.010168088141315786,63,6.5,1.0,ribose pyrimidine,True,True,72
0.17252911983146732,0.001354547219244526,1.6458229079319844,0.012921556926076674,78,6.5,1.0,ribose pyrimidine,True,False,91
0.16726023525522693,0.0010516684903478157,1.5238132637247945,0.009581155928592733,69,6.5,0.01,ribose pyrimidine,False,True,83
0.16434538516784003,0.0011884802831464093,1.659807029099618,0.012003062488783122,80,6.5,0.01,ribose pyrimidine,False,False,102
0.15831272998979978,0.0010982283756201703,1.575191774739032,0.010927234368160796,81,6.5,1.0,ribose pyrimidine,False,True,99
0.1593450607356141,0.0013101135832372208,1.7527956680917551,0.014411249415609428,94,6.5,1.0,ribose pyrimidine,False,False,121
0.19120158979970156,0.0011797141116831882,1.4810411461252522,0.009138026215669729,54,6.0,0.01,ribose pyrimidine,True,True,60
0.18298804446176647,0.001221302401509241,1.508958071082168,0.01007111760448622,61,6.0,0.01,ribose pyrimidine,True,False,68
0.18972695593610372,0.001214698710440933,1.4939115449531726,0.0095645472105639,56,6.0,1.0,ribose pyrimidine,True,True,62
0.17732832880004648,0.0013496066413798504,1.5560497700961688,0.011842750215096079,69,6.0,1.0,ribose pyrimidine,True,False,77
0.17226813143994255,0.0010734012487741012,1.5017987522785832,0.00935769513855334,65,6.0,0.01,ribose pyrimidine,False,True,76
0.1679895472852131,0.0012000860632782424,1.602518145836504,0.011448091408352526,73,6.0,0.01,ribose pyrimidine,False,False,91
0.1682897263620162,0.0010970511546167148,1.5331923740735178,0.009994611677059144,71,6.0,1.0,ribose pyrimidine,False,True,83
0.16847256172160527,0.0013713905185248493,1.709809760605878,0.013918093665904288,83,6.0,1.0,ribose pyrimidine,False,False,103
0.2014130699423721,0.0012235926574582447,1.493719304587913,0.009074406015063196,49,5.5,0.01,ribose pyrimidine,True,True,55
0.19174301233252217,0.0012701712382872056,1.5219129787987336,0.010081671656924727,56,5.5,0.01,ribose pyrimidine,True,False,63
0.20100611023571816,0.0012370347956419878,1.504191994300344,0.009257120761620472,50,5.5,1.0,ribose pyrimidine,True,True,56
0.1889635503029258,0.001350401949575088,1.5582333545813583,0.011135699750276203,61,5.5,1.0,ribose pyrimidine,True,False,68
0.18566728352639164,0.0011224494719361817,1.5083681418528394,0.009118822617272895,57,5.5,0.01,ribose pyrimidine,False,True,66
0.18359039977389643,0.001189542761184949,1.5793043347614462,0.01023283375076894,63,5.5,0.01,ribose pyrimidine,False,False,74
0.18489617328456412,0.0011410812049545212,1.5134404045034158,0.009340152203906046,58,5.5,1.0,ribose pyrimidine,False,True,67
0.18880178843558013,0.0014332507652197021,1.7096729090533171,0.01297863767859457,70,5.5,1.0,ribose pyrimidine,False,False,82
0.21070756747314837,0.0012589119600809181,1.4899274980758523,0.008901851838900654,44,5.0,0.01,ribose pyrimidine,True,True,50
0.20202752628041665,0.001323572120295218,1.525274374784456,0.009992750371369158,50,5.0,0.01,ribose pyrimidine,True,False,57
0.21070756747314837,0.0012589119600809181,1.4899274980758523,0.008901851838900654,44,5.0,1.0,ribose pyrimidine,True,True,50
0.20071704740846727,0.001395585017603993,1.5547475638258366,0.010810155062793701,53,5.0,1.0,ribose pyrimidine,True,False,60
0.2011173634990108,0.0011936500970973424,1.505024537489147,0.008932459406055407,47,5.0,0.01,ribose pyrimidine,False,True,56
0.191077202926059,0.0012465297436725618,1.552318534821722,0.010126855510116913,55,5.0,0.01,ribose pyrimidine,False,False,66
0.19394862767335858,0.0011578117399792414,1.5023196099974014,0.008968371173966068,51,5.0,1.0,ribose pyrimidine,False,True,60
0.1999660244960986,0.0015319313212958392,1.696767983137279,0.012998868307204266,60,5.0,1.0,ribose pyrimidine,False,False,72
0.2291781471522903,0.0013316276822046792,1.5028216110645811,0.008732066663315944,38,4.5,0.01,ribose pyrimidine,True,True,43
0.21796042381975997,0.0013715528561038328,1.5412129371324619,0.009698343253067973,43,4.5,0.01,ribose pyrimidine,True,False,50
0.22864275264378978,0.001360317217850918,1.5166444431069817,0.009023323614943284,39,4.5,1.0,ribose pyrimidine,True,True,44
0.21613606225907186,0.0014667411387311925,1.5734942842824189,0.010678036669091522,46,4.5,1.0,ribose pyrimidine,True,False,53
0.21536957559056452,0.0012359511027846095,1.5075870291339517,0.008651657719492266,41,4.5,0.01,ribose pyrimidine,False,True,49
0.20481191184670733,0.001292031132529075,1.5598010500027233,0.009839815951053817,47,4.5,0.01,ribose pyrimidine,False,False,58
0.21215924433202268,0.0012128602268809572,1.5151200588508753,0.0086615545040966,42,4.5,1.0,ribose pyrimidine,False,True,51
0.20404679729747208,0.0013692032292050497,1.593656432462372,0.010693819077149084,50,4.5,1.0,ribose pyrimidine,False,False,61
